{
    "experiment_config": {
        "mode": "tox21",
        "root": "data/Tox21",
        "batch_size": 32,
        "train_split": 0.8,
        "mask_missing": true,
        "use_weighting": false,
        "importance": [
            100.0,
            100.0
        ],
        "hidden_dims": [
            12,
            7
        ],
        "num_categories": 12,
        "in_dim": 9,
        "lr": 0.001,
        "model_type": "GCN",
        "loss": "BCE",
        "pooling": "mean",
        "gm_p": 1.0,
        "device": "cpu",
        "phase1_epochs": 0,
        "phase2_epochs": 50,
        "log_dir": "runs/tox21/GCN/mean/[12, 7]",
        "file_path": "tox21/GCN/mean/[12, 7]",
        "save": true,
        "track_singular_values": true,
        "num_nodes": 20,
        "p": 0.8
    },
    "sparcity": 0.8694764120978721,
    "empty graph stats": 0.47652116417884827,
    "singular value ratio": [
        0.0,
        0.0
    ],
    "summary format:": "Key: (Num of active features, Num of accurate feature, Geometry, Collapsed). Loss, s.d. Loss, Count",
    "collapsed percentage": 0.0,
    "summary": {
        "(3, 0, 'Failed', 2)": [
            0.6379763538187201,
            0.0,
            1
        ]
    },
    "results": [
        {
            "Num of features": 12,
            "Num of active features": 3,
            "Num of accurate feature": 0,
            "Geometry": "Failed",
            "Collapsed": 2,
            "Loss": 0.6379763538187201,
            "Rank": 7,
            "Singular values": [
                11.24098014831543,
                1.840778112411499,
                0.5576976537704468,
                0.3407662808895111,
                0.12318678945302963,
                0.02729981765151024,
                0.00306595372967422
            ]
        }
    ],
    "average embeddings summary": {
        "(3, 0, 'Failed', 2)": {
            "(0, 0, 0, 1, 0, 0, 0, 0, 0, 0, 0, 0)": [
                1.2856050729751587,
                1.1947882175445557,
                -1.1047475337982178,
                -1.2309473752975464,
                1.7336198091506958,
                0.7919291853904724,
                -1.5117958784103394
            ],
            "(0, 0, 0, 0, 0, 0, 0, 1, 0, 0, 0, 0)": [
                1.8589040040969849,
                0.9450455904006958,
                -0.7811824679374695,
                -1.0510915517807007,
                2.1075308322906494,
                0.08594202995300293,
                -2.08042573928833
            ],
            "(1, 0, 0, 0, 0, 0, 0, 0, 0, 0, 0, 0)": [
                1.7501029968261719,
                0.9396389126777649,
                -1.1667869091033936,
                -1.3542312383651733,
                1.9017117023468018,
                0.22701863944530487,
                -2.2200725078582764
            ],
            "(0, 0, 1, 0, 0, 0, 0, 0, 0, 0, 0, 0)": [
                1.2725671529769897,
                1.2143694162368774,
                -1.035673975944519,
                -1.1891205310821533,
                1.8066402673721313,
                0.7574682235717773,
                -1.5053130388259888
            ],
            "(0, 0, 0, 0, 0, 0, 1, 0, 0, 0, 0, 0)": [
                1.1088886260986328,
                1.2339317798614502,
                -1.122990608215332,
                -1.4189504384994507,
                1.899836778640747,
                0.7920339107513428,
                -1.5277148485183716
            ],
            "(0, 0, 0, 0, 1, 0, 0, 0, 0, 0, 0, 0)": [
                1.78359854221344,
                0.9966585040092468,
                -1.1497881412506104,
                -1.2552951574325562,
                2.001204013824463,
                0.25880563259124756,
                -2.1905202865600586
            ],
            "(0, 0, 0, 0, 0, 0, 0, 0, 0, 0, 1, 0)": [
                1.5228276252746582,
                1.0702319145202637,
                -1.420680284500122,
                -1.3418715000152588,
                1.7263855934143066,
                0.5828335881233215,
                -1.9649488925933838
            ],
            "(0, 1, 0, 0, 0, 0, 0, 0, 0, 0, 0, 0)": [
                0.8555519580841064,
                1.4104012250900269,
                -1.3716559410095215,
                -1.5259089469909668,
                1.9403527975082397,
                1.0528205633163452,
                -1.4519176483154297
            ],
            "(0, 0, 0, 0, 0, 0, 0, 0, 0, 1, 0, 0)": [
                1.9767626523971558,
                0.9488539099693298,
                -0.9930440783500671,
                -1.2501064538955688,
                2.4066789150238037,
                -0.07013216614723206,
                -2.474501371383667
            ]
        }
    },
    "model summary": {
        "(3, 0, 'Failed', 2)": {
            "convs.0.bias": [
                0.05873871594667435,
                0.0,
                0.06563197076320648,
                0.0,
                0.0,
                0.0,
                -0.08466911315917969,
                0.04372952878475189,
                -0.11766518652439117,
                -0.09908095002174377,
                0.02148287557065487,
                0.0
            ],