{
    "experiment_config": {
        "mode": "simple",
        "num_categories": 5,
        "p": 0.8,
        "p_count": 0.9,
        "num_nodes": 20,
        "motif_dim": 0,
        "chain_length_min": 2,
        "chain_length_max": 7,
        "num_train_samples": 5000,
        "num_test_samples": 1500,
        "batch_size": 16,
        "in_dim": 5,
        "hidden_dims": [
            5,
            5,
            5
        ],
        "lr": 0.01,
        "use_weighting": true,
        "importance": [
            15.0,
            10.0
        ],
        "phase1_epochs": 0,
        "phase2_epochs": 50,
        "num_epochs": 12,
        "device": "cpu",
        "model_type": "GIN",
        "loss": "MSE",
        "pooling": "max",
        "log_dir": "runs/MSE/3/GIN/same/max/5",
        "file_path": "MSE/3/GIN/same/max/5",
        "add_graph": false,
        "track_embeddings": false,
        "save": true
    },
    "sparcity": 0.6470893870894227,
    "summary format:": "Key: (Num of active features, Num of accurate feature, Geometry, Collapsed). Loss, s.d. Loss, Count",
    "summary": {
        "(5, 0, 'Failed', 4)": [
            0.18433908530076346,
            0.0,
            1
        ]
    },
    "results": [
        {
            "Num of features": 5,
            "Num of active features": 5,
            "Num of accurate feature": 0,
            "Geometry": "Failed",
            "Collapsed": 4,
            "Loss": 0.18433908530076346,
            "Rank": 2,
            "Singular values": [
                0.32194215059280396,
                0.01018818374723196,
                1.679359651340917e-09,
                1.8628568132506018e-10,
                4.307905161066161e-12
            ]
        }
    ],
    "average embeddings summary": {
        "(5, 0, 'Failed', 4)": {
            "(0, 0, 0, 1, 0)": [
                0.000897696940228343,
                -4.4730284571414813e-05,
                -0.027260513976216316,
                0.004650518298149109,
                -0.1139676421880722
            ],
            "(0, 0, 1, 0, 0)": [
                0.0008976970566436648,
                -4.473028820939362e-05,
                -0.027260513976216316,
                0.004650518298149109,
                -0.1139676496386528
            ],
            "(1, 0, 0, 0, 0)": [
                0.000897696940228343,
                -4.4730280933436006e-05,
                0.04836559295654297,
                0.004650518298149109,
                0.21534182131290436
            ],
            "(0, 1, 0, 0, 0)": [
                0.0008976968820206821,
                -4.4730280933436006e-05,
                -0.027260513976216316,
                0.004650518763810396,
                -0.1139676496386528
            ],
            "(0, 0, 0, 0, 1)": [
                0.0008976969984360039,
                -4.4730280933436006e-05,
                -0.027260513976216316,
                0.004650518298149109,
                -0.1139676421880722
            ]
        }
    },
    "model summary": {
        "(5, 0, 'Failed', 4)": {
            "convs.0.eps": [
                -0.2064194679260254
            ],
            "convs.0.nn.0.weight": [
                [
                    -0.03111807443201542,
                    -0.24540580809116364,
                    -0.24538788199424744,
                    0.5308533906936646,
                    -0.048091378062963486
                ],
                [
                    1.1450834274291992,
                    0.29087844491004944,
                    0.08931087702512741,
                    -0.32389479875564575,
                    0.07034137099981308
                ],
                [
                    -0.5550941824913025,
                    0.4545171558856964,
                    0.3083336651325226,
                    -0.23746442794799805,
                    0.19257348775863647
                ],
                [
                    -0.0917619988322258,
                    0.6308209896087646,
                    0.6419895887374878,
                    -0.21734772622585297,
                    0.24257203936576843
                ],
                [
                    -0.42398059368133545,
                    -0.22703774273395538,
                    -0.3469737768173218,
                    -0.21018141508102417,
                    -0.42258328199386597
                ]
            ],
            "convs.0.nn.0.bias": [
                -1.4040213823318481,
                0.03824900835752487,
                1.3263497352600098,
                0.9835925102233887,
                -0.023418178781867027
            ],
            "convs.0.nn.2.weight": [
                [
                    -0.14677704870700836,
                    0.6515100002288818,
                    -0.752837061882019,
                    -0.19384430348873138,
                    0.2874511778354645
                ],
                [
                    1.0791113376617432,
                    -0.3758298456668854,
                    -0.6801447868347168,
                    -0.7396432161331177,
                    0.3365711271762848
                ],
                [
                    0.2061837613582611,
                    -1.1180813312530518,
                    -0.3792535364627838,
                    -0.4020630419254303,
                    0.12551455199718475
                ],
                [
                    0.697998583316803,
                    -0.6104009747505188,
                    -0.41082891821861267,
                    -0.6703786849975586,
                    -0.22658398747444153
                ],
                [
                    -1.1186195611953735,
                    -0.7164987921714783,
                    -1.3463279008865356,
                    -0.5449607372283936,
                    -0.21391735970973969
                ]
            ],
            "convs.0.nn.2.bias": [
                -1.145198106765747,
                -0.41386154294013977,
                -0.6067795753479004,
                -0.4992619752883911,
                0.16136062145233154
            ],
            "convs.1.eps": [
                -0.831804633140564
            ],
            "convs.1.nn.0.weight": [
                [
                    -0.948556125164032,
                    -0.6896969079971313,
                    -1.3500689268112183,
                    -0.8643980026245117,
                    -0.2603623569011688
                ],
                [
                    -1.3001537322998047,
                    -0.3181955814361572,
                    -0.0348522774875164,
                    -0.42718690633773804,
                    -0.058263301849365234
                ],
                [
                    -0.3856922388076782,
                    0.1569291055202484,
                    0.002644050633534789,
                    -0.15267236530780792,
                    -0.9422855377197266
                ],
                [
                    -0.07013379782438278,
                    -0.15945746004581451,
                    0.019612902775406837,
                    -0.4066300094127655,
                    0.103272445499897
                ],
                [
                    -0.3441097140312195,
                    0.5547792315483093,
                    -0.11750533431768417,
                    0.5820026397705078,
                    -0.11275508254766464
                ]
            ],
            "convs.1.nn.0.bias": [
                0.5644192695617676,
                0.6009314060211182,
                -0.48057985305786133,
                -0.33870038390159607,
                -0.3312460780143738
            ],