{
    "experiment_config": {
        "mode": "simple",
        "num_categories": 5,
        "p": 0.3,
        "num_nodes": 20,
        "motif_dim": 0,
        "num_train_samples": 5000,
        "num_test_samples": 1500,
        "batch_size": 16,
        "in_dim": 5,
        "hidden_dims": [
            5,
            5,
            5
        ],
        "lr": 0.01,
        "use_weighting": true,
        "importance": [
            15.0,
            10.0
        ],
        "phase1_epochs": 0,
        "phase2_epochs": 50,
        "device": "cpu",
        "model_type": "GCN",
        "loss": "BCE",
        "pooling": "max",
        "gm_p": 1.0,
        "log_dir": "runs/T/BCE/3/GCN/same/max/5/high",
        "file_path": "T/BCE/3/GCN/same/max/5/high",
        "add_graph": false,
        "track_embeddings": false,
        "track_singular_values": true,
        "get_elements": false,
        "save": true
    },
    "sparcity": 0.9370393313871229,
    "empty graph stats": [
        {
            "mean": [
                1.4748324155807495,
                -1.5668574571609497,
                -0.035628922283649445,
                -1.3230303525924683,
                -0.2514220178127289
            ],
            "std": [
                0.061141423881053925,
                0.3299553096294403,
                0.009731733240187168,
                0.626475989818573,
                0.7563292980194092
            ]
        },
        {
            "mean": [
                -0.727841317653656,
                1.736527681350708,
                -0.672226071357727,
                -0.669317364692688,
                -1.6680338382720947
            ],
            "std": [
                1.295586109161377,
                0.34943887591362,
                0.55751633644104,
                0.6336769461631775,
                0.4680773913860321
            ]
        }
    ],
    "singular value ratio": [
        5.515222787857056,
        4.896684646606445
    ],
    "summary format:": "Key: (Num of active features, Num of accurate feature, Geometry, Collapsed). Loss, s.d. Loss, Count",
    "collapsed percentage": 0.0,
    "summary": {
        "(3, 3, 3, 0)": [
            0.18810322272777558,
            0.0,
            1
        ],
        "(4, 4, 4, 0)": [
            0.13579587942361832,
            0.0,
            1
        ]
    },
    "results": [
        {
            "Num of features": 5,
            "Num of active features": 3,
            "Num of accurate feature": 3,
            "Geometry": 3,
            "Collapsed": 0,
            "Loss": 0.18810322272777558,
            "Rank": 5,
            "Singular values": [
                4.726863384246826,
                4.461894989013672,
                2.813664436340332,
                1.8402347564697266,
                2.7652255084831268e-05
            ]
        },
        {
            "Num of features": 5,
            "Num of active features": 4,
            "Num of accurate feature": 4,
            "Geometry": 4,
            "Collapsed": 0,
            "Loss": 0.13579587942361832,
            "Rank": 5,
            "Singular values": [
                6.303582191467285,
                5.331474304199219,
                4.6293439865112305,
                3.8727080821990967,
                2.093677043914795
            ]
        }
    ],
    "average embeddings summary": {
        "(3, 3, 3, 0)": {
            "(0, 0, 0, 0, 1)": [
                1.4661868810653687,
                -1.6138371229171753,
                -0.03699558228254318,
                -1.4209448099136353,
                -0.26255854964256287
            ],
            "(0, 0, 1, 0, 0)": [
                1.4679745435714722,
                -1.589564561843872,
                -0.036367133259773254,
                -0.7908227443695068,
                3.0591654777526855
            ],
            "(0, 0, 0, 1, 0)": [
                1.4704129695892334,
                -1.1021909713745117,
                -0.02645047940313816,
                4.101099491119385,
                -0.07837606221437454
            ],
            "(1, 0, 0, 0, 0)": [
                1.4623003005981445,
                -1.6506561040878296,
                -0.03810206055641174,
                -1.3980685472488403,
                -0.35617899894714355
            ],
            "(0, 1, 0, 0, 0)": [
                1.9728182554244995,
                0.8605422973632812,
                0.038167890161275864,
                0.17856238782405853,
                -0.4794634282588959
            ]
        },
        "(4, 4, 4, 0)": {
            "(0, 1, 0, 0, 0)": [
                -0.9149917960166931,
                4.358903884887695,
                -0.3375270366668701,
                -0.7675623297691345,
                1.279650330543518
            ],
            "(1, 0, 0, 0, 0)": [
                0.3161746859550476,
                1.6775121688842773,
                4.2193450927734375,
                -0.7170264720916748,
                -1.77680504322052
            ],
            "(0, 0, 1, 0, 0)": [
                -1.152478814125061,
                1.7985111474990845,
                -0.7270355224609375,
                -0.8263545036315918,
                -1.5893921852111816
            ],
            "(0, 0, 0, 0, 1)": [
                5.406016826629639,
                1.6334826946258545,
                -0.7214536070823669,
                -0.3675694167613983,
                -1.8146069049835205
            ],
            "(0, 0, 0, 1, 0)": [
                0.0729108527302742,
                1.65985107421875,
                -0.7826407551765442,
                3.427311897277832,
                -1.773275375366211
            ]
        }
    },
    "model summary": {
        "(3, 3, 3, 0)": {
            "convs.0.bias": [
                -0.9931697249412537,
                -1.0813947916030884,
                -1.3486884832382202,
                0.10551639646291733,
                -1.3099830150604248
            ],
            "convs.0.lin.weight": [
                [
                    -0.15683378279209137,
                    -1.081281065940857,
                    3.000739097595215,
                    1.6534513235092163,
                    -0.7273505330085754
                ],
                [
                    0.25988420844078064,
                    2.216520071029663,
                    -0.23980996012687683,
                    -0.4156794250011444,
                    0.25397440791130066
                ],
                [
                    0.3627735376358032,
                    -0.08206238597631454,
                    -0.1513400375843048,
                    2.7396926879882812,
                    0.11743064969778061
                ],
                [
                    0.19249029457569122,
                    1.7917368412017822,
                    1.7685351371765137,
                    -2.1037466526031494,
                    0.24347783625125885
                ],
                [
                    0.06748771667480469,
                    2.6261165142059326,
                    0.43327948451042175,
                    -0.15603803098201752,
                    0.08831332623958588
                ]
            ],
            "convs.1.bias": [
                -0.1560603380203247,
                0.0,
                -0.3932734727859497,
                -0.14284923672676086,
                0.9261066317558289
            ],