{
    "experiment_config": {
        "mode": "simple",
        "num_categories": 3,
        "p": 0.25,
        "num_nodes": 20,
        "motif_dim": 0,
        "chain_length_min": 2,
        "chain_length_max": 7,
        "num_train_samples": 10000,
        "num_test_samples": 3000,
        "batch_size": 4,
        "in_dim": 3,
        "hidden_dims": [
            4,
            4
        ],
        "lr": 0.01,
        "use_weighting": true,
        "importance": [
            15.0,
            10.0
        ],
        "phase1_epochs": 5,
        "phase2_epochs": 10,
        "num_epochs": 5,
        "device": "cpu",
        "model_type": "GCN"
    },
    "summary": {
        "(3, 2, 3, 0)": [
            0.35355941680570446,
            0.039156343931953136
        ],
        "Failed": [
            0.35871836919585864,
            0.02235373482108116
        ],
        "(1, 1, 1, 0)": [
            0.4145781492292881,
            0.031492133051157
        ],
        "(3, 3, 3, 0)": [
            0.2685551883348574,
            0.06760526468616344
        ]
    }
}