{
    "experiment_config": {
        "mode": "simple",
        "num_categories": 3,
        "p": 0.25,
        "num_nodes": 20,
        "motif_dim": 0,
        "chain_length_min": 2,
        "chain_length_max": 7,
        "num_train_samples": 10000,
        "num_test_samples": 3000,
        "batch_size": 4,
        "in_dim": 3,
        "hidden_dims": [
            4,
            4
        ],
        "lr": 0.01,
        "use_weighting": true,
        "importance": [
            15.0,
            10.0
        ],
        "phase1_epochs": 5,
        "phase2_epochs": 10,
        "num_epochs": 5,
        "device": "cpu",
        "model_type": "GCN"
    },
    "summary": {
        "(3, 3, 3, 0)": [
            0.3257903564448158,
            0.03799405807505052
        ],
        "Failed": [
            0.41132889413237567,
            0.039625403542768736
        ],
        "(3, 2, 3, 0)": [
            0.31100109414756294,
            0.06401383976638317
        ],
        "(1, 1, 1, 0)": [
            0.47641522451241813,
            0.0
        ]
    }
}