{
    "experiment_config": {
        "mode": "simple",
        "num_categories": 3,
        "p": 0.3,
        "p_count": 0.9,
        "num_nodes": 20,
        "motif_dim": 0,
        "chain_length_min": 2,
        "chain_length_max": 7,
        "num_train_samples": 10000,
        "num_test_samples": 3000,
        "batch_size": 16,
        "in_dim": 3,
        "hidden_dims": [
            3,
            2
        ],
        "lr": 0.01,
        "use_weighting": true,
        "importance": [
            15.0,
            10.0
        ],
        "phase1_epochs": 0,
        "phase2_epochs": 50,
        "num_epochs": 5,
        "device": "cpu",
        "model_type": "GCN",
        "pooling": "mean",
        "log_dir": "runs/simple/10",
        "save": true
    },
    "sparcity": 0.8388257568844947,
    "summary format:": "Key: (Num of active features, Num of accurate feature, Geometry, Collapsed). Loss, s.d. Loss, Count",
    "summary": {
        "(3, 3, 3, 0)": [
            0.32839359911282856,
            0.0,
            1
        ],
        "(3, 1, 3, 0)": [
            0.49544719990094505,
            0.0,
            1
        ]
    },
    "results": [
        {
            "Num of features": 3,
            "Num of active features": 3,
            "Num of accurate feature": 3,
            "Geometry": 3,
            "Collapsed": 0,
            "Loss": 0.32839359911282856,
            "Rank": 2,
            "Singular values": [
                1.456945776939392,
                0.981370747089386
            ]
        },
        {
            "Num of features": 3,
            "Num of active features": 3,
            "Num of accurate feature": 1,
            "Geometry": 3,
            "Collapsed": 0,
            "Loss": 0.49544719990094505,
            "Rank": 2,
            "Singular values": [
                1.4024629592895508,
                0.9270931482315063
            ]
        }
    ],
    "average embeddings summary": {
        "(3, 3, 3, 0)": {
            "(0, 0, 1)": [
                -0.7603541016578674,
                -0.8202680945396423
            ],
            "(0, 1, 0)": [
                -0.13737843930721283,
                1.1409612894058228
            ],
            "(1, 0, 0)": [
                0.7000415325164795,
                -0.15516960620880127
            ]
        },
        "(3, 1, 3, 0)": {
            "(0, 0, 1)": [
                -0.08095324784517288,
                -0.36742979288101196
            ],
            "(0, 1, 0)": [
                -1.0095272064208984,
                0.7148892283439636
            ],
            "(1, 0, 0)": [
                0.948063850402832,
                0.5057756900787354
            ]
        }
    },
    "model summary": {
        "(3, 3, 3, 0)": {
            "convs.0.bias": [
                -1.44392728805542,
                -2.4440934658050537,
                1.1600209474563599
            ],
            "convs.0.lin.weight": [
                [
                    -0.2071981281042099,
                    4.910427570343018,
                    0.05574233829975128
                ],
                [
                    0.09640977531671524,
                    0.19866977632045746,
                    4.917039394378662
                ],
                [
                    -1.7251533269882202,
                    -3.674609422683716,
                    -0.07483487576246262
                ]
            ],
            "convs.1.bias": [
                1.9366137981414795,
                -1.1883909702301025
            ],
            "convs.1.lin.weight": [
                [
                    -3.5312445163726807,
                    -10.408754348754883,
                    -1.4956082105636597
                ],
                [
                    5.1430888175964355,
                    -7.17669153213501,
                    1.19874107837677
                ]
            ],
            "lin_out.weight": [
                [
                    2.4685451984405518,
                    -1.01023268699646
                ],
                [
                    -4.0677947998046875,
                    7.874602317810059
                ],
                [
                    -9.733580589294434,
                    -6.205094337463379
                ]
            ],
            "lin_out.bias": [
                -0.7262062430381775,
                -3.1934969425201416,
                -2.6271190643310547
            ]
        },
        "(3, 1, 3, 0)": {
            "convs.0.bias": [
                0.0,
                0.29410064220428467,
                0.3256990313529968
            ],
            "convs.0.lin.weight": [
                [
                    -0.5594899654388428,
                    -0.5555518865585327,
                    -0.6382898092269897
                ],
                [
                    4.124580383300781,
                    -3.1746182441711426,
                    -2.753789186477661
                ],
                [
                    -2.731220006942749,
                    3.8445847034454346,
                    -2.593491554260254
                ]
            ],
            "convs.1.bias": [
                -0.08577115833759308,
                -2.133232593536377
            ],
            "convs.1.lin.weight": [
                [
                    0.18639199435710907,
                    2.2781453132629395,
                    -2.1806108951568604
                ],
                [
                    0.7632202506065369,
                    2.014735221862793,
                    2.61295223236084
                ]
            ],
            "lin_out.weight": [
                [
                    1.8712139129638672,
                    1.7503896951675415
                ],
                [
                    -1.705145239830017,
                    2.029066562652588
                ],
                [
                    -0.2530328035354614,
                    -2.3158915042877197
                ]
            ],
            "lin_out.bias": [
                -1.9693158864974976,
                -1.9325251579284668,
                0.2084064781665802
            ]
        }
    }
}