{
    "experiment_config": {
        "mode": "simple",
        "num_categories": 3,
        "p": 0.2,
        "num_nodes": 20,
        "motif_dim": 0,
        "chain_length_min": 2,
        "chain_length_max": 7,
        "num_train_samples": 10000,
        "num_test_samples": 3000,
        "batch_size": 16,
        "in_dim": 3,
        "hidden_dims": [
            3,
            3
        ],
        "lr": 0.01,
        "use_weighting": true,
        "importance": [
            15.0,
            10.0
        ],
        "phase1_epochs": 5,
        "phase2_epochs": 5,
        "num_epochs": 5,
        "device": "cpu",
        "model_type": "GCN"
    },
    "sparcity": 0.9232159992225947,
    "summary": {
        "(1, 1, 1, 0)": [
            0.40094907736778257,
            0.0
        ],
        "(3, 2, 3, 0)": [
            0.34275162120660146,
            0.046728446841239946
        ],
        "(3, 3, 3, 0)": [
            0.33610067987442016,
            0.0
        ]
    },
    "model summary": {
        "('model', 1, 1, 1, 0)": {
            "convs.0.bias": [
                -0.34315717220306396,
                -0.1564488410949707,
                0.47787314653396606
            ],
            "convs.0.lin.weight": [
                [
                    -0.6328267455101013,
                    -0.5831943154335022,
                    0.3182641863822937
                ],
                [
                    0.07253395766019821,
                    -0.7317416667938232,
                    0.04936995357275009
                ],
                [
                    6.439387321472168,
                    -4.287843227386475,
                    -4.026916027069092
                ]
            ],
            "convs.1.bias": [
                -2.9178824424743652,
                0.2420651912689209,
                0.17749880254268646
            ],
            "convs.1.lin.weight": [
                [
                    -0.16101901233196259,
                    -0.29207754135131836,
                    4.775943756103516
                ],
                [
                    0.5964716076850891,
                    0.2946236729621887,
                    -1.5167009830474854
                ],
                [
                    -0.20385301113128662,
                    0.3042565882205963,
                    -1.5570769309997559
                ]
            ],
            "lin_out.weight": [
                [
                    1.34275221824646,
                    -0.10546693950891495,
                    -0.11586220562458038
                ],
                [
                    0.0166860893368721,
                    0.9164769053459167,
                    0.21526755392551422
                ],
                [
                    -0.045813705772161484,
                    0.26413848996162415,
                    0.9836600422859192
                ]
            ],
            "lin_out.bias": [
                -2.9100914001464844,
                0.08015455305576324,
                0.17192520201206207
            ]
        },
        "('model', 3, 2, 3, 0)": {
            "convs.0.bias": [
                1.0947811603546143,
                -3.0552711486816406,
                0.7012794613838196
            ],
            "convs.0.lin.weight": [
                [
                    0.8696013689041138,
                    -3.894500732421875,
                    -1.1955389976501465
                ],
                [
                    7.714834690093994,
                    0.5239394903182983,
                    0.16179166734218597
                ],
                [
                    -0.3323030173778534,
                    -5.257519245147705,
                    5.438645362854004
                ]
            ],
            "convs.1.bias": [
                -2.5266306400299072,
                2.605304718017578,
                -2.778235912322998
            ],
            "convs.1.lin.weight": [
                [
                    2.5300376415252686,
                    14.825507164001465,
                    -1.061337947845459
                ],
                [
                    -2.787088394165039,
                    -1.4243358373641968,
                    -2.196829080581665
                ],
                [
                    -2.1272101402282715,
                    -3.40120267868042,
                    5.276034355163574
                ]
            ],
            "lin_out.weight": [
                [
                    3.59136700630188,
                    0.41530221700668335,
                    0.891204297542572
                ],
                [
                    -0.2501623034477234,
                    1.4286502599716187,
                    -0.12110242247581482
                ],
                [
                    -0.2760387063026428,
                    -0.12119780480861664,
                    1.1263313293457031
                ]
            ],
            "lin_out.bias": [
                -2.3756422996520996,
                1.760025143623352,
                -2.9838898181915283
            ]
        },
        "('model', 3, 3, 3, 0)": {
            "convs.0.bias": [
                1.5865126848220825,
                0.19781267642974854,
                -0.4510965943336487
            ],
            "convs.0.lin.weight": [
                [
                    -2.9685633182525635,
                    -2.4456586837768555,
                    -0.15894663333892822
                ],
                [
                    5.7526021003723145,
                    -3.2195961475372314,
                    -3.7076945304870605
                ],
                [
                    -0.7854000329971313,
                    -3.21087384223938,
                    6.216306209564209
                ]
            ],
            "convs.1.bias": [
                -1.9058517217636108,
                3.3289191722869873,
                -2.0327680110931396
            ],
            "convs.1.lin.weight": [
                [
                    -1.6860460042953491,
                    6.012819290161133,
                    -0.04263079911470413
                ],
                [
                    -2.972487211227417,
                    -2.3340039253234863,
                    -0.8308951258659363
                ],
                [
                    0.7682391405105591,
                    -1.8142824172973633,
                    5.059399604797363
                ]
            ],
            "lin_out.weight": [
                [
                    0.9637270569801331,
                    -0.6322115659713745,
                    -0.1640891134738922
                ],
                [
                    -0.027246277779340744,
                    2.6030662059783936,
                    -0.1128896102309227
                ],
                [
                    0.3157765567302704,
                    -0.48828601837158203,
                    1.5549821853637695
                ]
            ],
            "lin_out.bias": [
                -2.2437615394592285,
                3.1528964042663574,
                -2.005164861679077
            ]
        }
    },
    "results": [
        [
            3,
            1,
            1,
            1,
            0,
            0.40094907736778257
        ],
        [
            3,
            3,
            2,
            3,
            0,
            0.2960231743653615
        ],
        [
            3,
            3,
            3,
            3,
            0,
            0.33610067987442016
        ],
        [
            3,
            3,
            2,
            3,
            0,
            0.3894800680478414
        ]
    ]
}