{
    "experiment_config": {
        "mode": "simple",
        "num_categories": 10,
        "p": 0.5,
        "num_nodes": 20,
        "motif_dim": 0,
        "chain_length_min": 2,
        "chain_length_max": 7,
        "num_train_samples": 10000,
        "num_test_samples": 3000,
        "batch_size": 16,
        "in_dim": 10,
        "hidden_dims": [
            12,
            7
        ],
        "lr": 0.01,
        "use_weighting": true,
        "importance": [
            15.0,
            10.0
        ],
        "phase1_epochs": 0,
        "phase2_epochs": 80,
        "num_epochs": 5,
        "device": "cpu",
        "model_type": "GCN",
        "save": true
    },
    "sparcity": 0.955515738519077,
    "summary": {
        "(10, 10, 10, 0)": [
            0.028592324358721576,
            0.0,
            1
        ]
    },
    "model summary": {
        "(10, 10, 10, 0)": {
            "convs.0.bias": [
                -3.0346405506134033,
                -1.1217855215072632,
                -2.985407590866089,
                -2.8119146823883057,
                -3.0563864707946777,
                -3.0362637042999268,
                -0.22281533479690552,
                -3.199120283126831,
                -2.799081325531006,
                -3.082651138305664,
                -2.9867594242095947,
                -2.89439058303833
            ],
            "convs.0.lin.weight": [
                [
                    0.1800961047410965,
                    -0.19299441576004028,
                    0.2807513475418091,
                    0.4935043752193451,
                    6.088473320007324,
                    -0.17546872794628143,
                    0.3326699137687683,
                    0.3414192199707031,
                    0.786645233631134,
                    -0.429712176322937
                ],
                [
                    -2.9452826976776123,
                    -0.6841367483139038,
                    -0.8253638744354248,
                    -3.2124762535095215,
                    -3.413064956665039,
                    -3.2155094146728516,
                    -0.7873276472091675,
                    -1.1957502365112305,
                    -3.4915568828582764,
                    2.8354363441467285
                ],
                [
                    0.3386286497116089,
                    0.5702829957008362,
                    6.3929829597473145,
                    0.5799888968467712,
                    -0.2716165781021118,
                    0.6482711434364319,
                    -0.17468267679214478,
                    1.0495374202728271,
                    -0.37258464097976685,
                    1.09486985206604
                ],
                [
                    0.10114087164402008,
                    0.3234458267688751,
                    0.45869556069374084,
                    0.07840575277805328,
                    0.7525030970573425,
                    0.5222446918487549,
                    0.21878331899642944,
                    0.07854621857404709,
                    5.723572254180908,
                    -0.07842730730772018
                ],
                [
                    0.05708629637956619,
                    6.305054664611816,
                    0.5882636904716492,
                    -0.43836355209350586,
                    0.16463761031627655,
                    0.8164597153663635,
                    -0.37889036536216736,
                    -0.05864448472857475,
                    -0.6154996752738953,
                    -0.18298383057117462
                ],
                [
                    0.450055330991745,
                    0.20257103443145752,
                    0.12633666396141052,
                    6.123897552490234,
                    0.12519767880439758,
                    -0.19350816309452057,
                    0.09382916241884232,
                    0.2209131121635437,
                    0.6223341822624207,
                    0.18465793132781982
                ],
                [
                    0.2030140459537506,
                    0.1659279763698578,
                    -0.30011865496635437,
                    0.12705445289611816,
                    -0.025519507005810738,
                    -0.05077650025486946,
                    -0.30528807640075684,
                    0.13037455081939697,
                    0.18459884822368622,
                    -0.6381595730781555
                ],
                [
                    -0.09613682329654694,
                    0.06993576884269714,
                    -0.14990989863872528,
                    0.056293707340955734,
                    0.41138941049575806,
                    -0.20984527468681335,
                    6.5107574462890625,
                    0.40270113945007324,
                    0.06984888017177582,
                    0.508041501045227
                ],
                [
                    -0.009153634309768677,
                    0.028154239058494568,
                    0.21346309781074524,
                    -0.23864758014678955,
                    0.04104369133710861,
                    5.6462249755859375,
                    0.008352991193532944,
                    -0.004625715781003237,
                    -0.28436771035194397,
                    0.04842917621135712
                ],
                [
                    6.468777656555176,
                    -0.12533076107501984,
                    -0.260075181722641,
                    0.003942705225199461,
                    0.5775184631347656,
                    0.9943315386772156,
                    -0.23391930758953094,
                    0.5092202425003052,
                    -0.05813481658697128,
                    0.540010929107666
                ],
                [
                    0.6944006085395813,
                    0.04704217240214348,
                    0.06144867464900017,
                    0.6020739078521729,
                    -0.2029588371515274,
                    0.08019334822893143,
                    0.6350117921829224,
                    0.3502332866191864,
                    0.10399342328310013,
                    5.956103801727295
                ],
                [
                    -0.4708232581615448,
                    0.045725684612989426,
                    0.16430433094501495,
                    0.36861366033554077,
                    0.6030893921852112,
                    -0.25252240896224976,
                    -0.21447139978408813,
                    5.9671244621276855,
                    -0.29426315426826477,
                    0.19873028993606567
                ]
            ],
            "convs.1.bias": [
                0.5285427570343018,
                0.0804174393415451,
                -0.5434010624885559,
                0.7068859338760376,
                0.2229311764240265,
                -0.37463700771331787,
                0.6395173668861389
            ],