{
    "experiment_config": {
        "mode": "simple",
        "num_categories": 4,
        "p": 0.2,
        "num_nodes": 20,
        "motif_dim": 0,
        "chain_length_min": 2,
        "chain_length_max": 7,
        "num_train_samples": 10000,
        "num_test_samples": 3000,
        "batch_size": 16,
        "in_dim": 4,
        "hidden_dims": [
            4,
            4,
            2
        ],
        "lr": 0.01,
        "use_weighting": true,
        "importance": [
            15.0,
            10.0
        ],
        "phase1_epochs": 5,
        "phase2_epochs": 8,
        "num_epochs": 5,
        "device": "cpu",
        "model_type": "GCN",
        "save": true
    },
    "sparcity": 0.955515738519077,
    "summary": {
        "(4, 4, 4, 0)": [
            0.07113356396183372,
            0.026756829176098108
        ],
        "(3, 3, 'Failed', 0)": [
            0.12966703112920125,
            0.0
        ],
        "(1, 1, 1, 0)": [
            0.24645861013730366,
            0.0
        ]
    },
    "model summary": {
        "(4, 4, 4, 0)": {
            "convs.0.bias": [
                -1.9313949346542358,
                -1.9759982824325562,
                -1.9663017988204956,
                -2.2541887760162354
            ],
            "convs.0.lin.weight": [
                [
                    0.18995288014411926,
                    4.4625983238220215,
                    0.4354335367679596,
                    0.567579984664917
                ],
                [
                    0.12942564487457275,
                    -0.041101519018411636,
                    0.4692330062389374,
                    4.2455573081970215
                ],
                [
                    0.5856895446777344,
                    0.1726752072572708,
                    4.299469947814941,
                    0.08061609417200089
                ],
                [
                    4.997447490692139,
                    0.32282060384750366,
                    1.0301704406738281,
                    0.5448647141456604
                ]
            ],
            "convs.1.bias": [
                0.7407991290092468,
                0.6105440258979797,
                1.0430948734283447,
                -0.5283530354499817
            ],
            "convs.1.lin.weight": [
                [
                    3.0405595302581787,
                    2.954662322998047,
                    5.645063400268555,
                    -1.0349161624908447
                ],
                [
                    -0.8199002146720886,
                    6.896955966949463,
                    -0.9343916773796082,
                    5.367193222045898
                ],
                [
                    3.483290910720825,
                    -1.8537611961364746,
                    -1.7265232801437378,
                    4.045426845550537
                ],
                [
                    4.298227787017822,
                    -1.8540593385696411,
                    0.42519107460975647,
                    3.437624454498291
                ]
            ],
            "convs.2.bias": [
                0.14707887172698975,
                0.034360673278570175
            ],
            "convs.2.lin.weight": [
                [
                    -4.727437496185303,
                    1.7747586965560913,
                    2.340139865875244,
                    2.8433103561401367
                ],
                [
                    0.3342718183994293,
                    -4.960066318511963,
                    2.619340181350708,
                    4.746452331542969
                ]
            ],
            "lin_out.weight": [
                [
                    2.3212811946868896,
                    -0.34388110041618347
                ],
                [
                    0.28308889269828796,
                    2.534090042114258
                ],
                [
                    -2.7472071647644043,
                    0.21775361895561218
                ],
                [
                    -0.10916527360677719,
                    -2.578467607498169
                ]
            ],
            "lin_out.bias": [
                -4.918132781982422,
                -4.885692596435547,
                -4.368333339691162,
                -4.459116458892822
            ]
        },
        "(3, 3, 'Failed', 0)": {
            "convs.0.bias": [
                -1.439032793045044,
                -1.3924318552017212,
                0.23222611844539642,
                -1.3216429948806763
            ],
            "convs.0.lin.weight": [
                [
                    -0.015502423979341984,
                    3.5377068519592285,
                    0.34068042039871216,
                    1.888809323310852
                ],
                [
                    -0.056701935827732086,
                    -0.12414538860321045,
                    2.506117820739746,
                    3.946779489517212
                ],
                [
                    -0.8578517436981201,
                    -0.5731706023216248,
                    0.22655045986175537,
                    5.6862993240356445
                ],
                [
                    -1.1494252681732178,
                    -1.2528802156448364,
                    4.139424800872803,
                    2.3851988315582275
                ]
            ],
            "convs.1.bias": [
                -0.045012954622507095,
                -0.5494151711463928,
                -0.5222394466400146,
                -2.481315851211548
            ],
            "convs.1.lin.weight": [
                [
                    2.1388697624206543,
                    1.7622555494308472,
                    -2.913334608078003,
                    3.647646903991699
                ],
                [
                    5.606498718261719,
                    -3.6475512981414795,
                    -1.6282382011413574,
                    -3.4671823978424072
                ],
                [
                    2.2694058418273926,
                    2.399458885192871,
                    -0.6575334668159485,
                    3.475853204727173
                ],
                [
                    1.277793288230896,
                    4.613030433654785,
                    0.8634936213493347,
                    1.252915620803833
                ]
            ],
            "convs.2.bias": [
                1.3477038145065308,
                -0.5707039833068848
            ],
            "convs.2.lin.weight": [
                [
                    -7.554328918457031,
                    3.3783257007598877,
                    -1.645772099494934,
                    -0.6878519058227539
                ],
                [
                    0.665833592414856,
                    7.574621677398682,
                    4.468623638153076,
                    -4.203077793121338
                ]
            ],
            "lin_out.weight": [
                [
                    0.5241701602935791,
                    -0.07116127759218216
                ],
                [
                    1.5284109115600586,
                    2.5280845165252686
                ],
                [
                    -2.9215850830078125,
                    0.4813919961452484
                ],
                [
                    -0.7332897782325745,
                    -2.363492727279663
                ]
            ],
            "lin_out.bias": [
                -1.5974335670471191,
                -4.208371162414551,
                -4.914791107177734,
                -4.485779285430908
            ]
        },
        "(1, 1, 1, 0)": {
            "convs.0.bias": [
                0.0,
                -1.545655608177185,
                -1.4489060640335083,
                0.0
            ],