{
    "experiment_config": {
        "mode": "simple",
        "num_categories": 4,
        "p": 0.2,
        "num_nodes": 20,
        "motif_dim": 0,
        "chain_length_min": 2,
        "chain_length_max": 7,
        "num_train_samples": 10000,
        "num_test_samples": 3000,
        "batch_size": 16,
        "in_dim": 4,
        "hidden_dims": [
            4,
            4,
            2
        ],
        "lr": 0.01,
        "use_weighting": true,
        "importance": [
            15.0,
            10.0
        ],
        "phase1_epochs": 5,
        "phase2_epochs": 8,
        "num_epochs": 5,
        "device": "cpu",
        "model_type": "GCN"
    },
    "sparcity": 0.955515738519077,
    "summary": {
        "(3, 3, 3, 0)": [
            0.12801245281100274,
            0.02068572136759758
        ],
        "(1, 1, 1, 0)": [
            0.24525621008872986,
            0.0
        ],
        "(2, 2, 2, 0)": [
            0.20249510618050892,
            0.0
        ]
    },
    "model summary": {
        "(3, 3, 3, 0)": {
            "convs.0.bias": [
                0.0,
                -1.2778834104537964,
                -1.2956821918487549,
                1.3919779062271118
            ],
            "convs.0.lin.weight": [
                [
                    -0.2607607841491699,
                    -0.13598699867725372,
                    -0.8027368187904358,
                    -0.16720376908779144
                ],
                [
                    -0.17961052060127258,
                    1.9222427606582642,
                    3.480681896209717,
                    4.845733642578125
                ],
                [
                    -0.2740493416786194,
                    4.744375705718994,
                    2.686372756958008,
                    1.9472678899765015
                ],
                [
                    -0.28008997440338135,
                    1.9172909259796143,
                    -2.2084131240844727,
                    2.0887680053710938
                ]
            ],
            "convs.1.bias": [
                -0.6204667091369629,
                -0.15674914419651031,
                0.0,
                1.2123886346817017
            ],
            "convs.1.lin.weight": [
                [
                    -0.24738088250160217,
                    4.460597038269043,
                    1.6297667026519775,
                    -0.6062585711479187
                ],
                [
                    0.5027155876159668,
                    1.5787889957427979,
                    4.418254375457764,
                    -0.8034042119979858
                ],
                [
                    -0.6962719559669495,
                    -0.4750443994998932,
                    -0.6698887944221497,
                    -0.20713499188423157
                ],
                [
                    -0.2606053948402405,
                    4.01891565322876,
                    2.8878626823425293,
                    -7.785633087158203
                ]
            ],
            "convs.2.bias": [
                0.1712990254163742,
                -0.047101087868213654
            ],
            "convs.2.lin.weight": [
                [
                    0.6880470514297485,
                    0.6668061017990112,
                    -0.9459614753723145,
                    -9.4522705078125
                ],
                [
                    -4.166699409484863,
                    4.583235263824463,
                    0.3320518732070923,
                    0.1978093683719635
                ]
            ],
            "lin_out.weight": [
                [
                    0.06849363446235657,
                    -0.08158177882432938
                ],
                [
                    1.0365806818008423,
                    1.9946898221969604
                ],
                [
                    -4.547685623168945,
                    -0.058833520859479904
                ],
                [
                    1.2063130140304565,
                    -2.0682222843170166
                ]
            ],
            "lin_out.bias": [
                -1.5203497409820557,
                -3.5437192916870117,
                -3.4821064472198486,
                -3.669992208480835
            ]
        },
        "(1, 1, 1, 0)": {
            "convs.0.bias": [
                -0.304874449968338,
                -1.62407648563385,
                0.8890056610107422,
                0.9927548170089722
            ],
            "convs.0.lin.weight": [
                [
                    -0.8402437567710876,
                    0.2823337912559509,
                    0.022288862615823746,
                    -0.483574241399765
                ],
                [
                    0.1428501307964325,
                    4.7224440574646,
                    -0.9931081533432007,
                    -0.4008861780166626
                ],
                [
                    0.624589741230011,
                    -1.3219455480575562,
                    0.34743764996528625,
                    -0.1182774007320404
                ],
                [
                    0.4536249041557312,
                    -1.4765452146530151,
                    0.09264539182186127,
                    -0.10967259109020233
                ]
            ],
            "convs.1.bias": [
                -0.17551685869693756,
                -0.05932594835758209,
                0.22117970883846283,
                -0.13917677104473114
            ],
            "convs.1.lin.weight": [
                [
                    -0.027221297845244408,
                    -0.4471670091152191,
                    0.294961154460907,
                    -0.6131675243377686
                ],
                [
                    0.0006463898462243378,
                    -0.732271671295166,
                    -0.4505563974380493,
                    0.010764705017209053
                ],
                [
                    -0.27497532963752747,
                    4.334357738494873,
                    -1.6642208099365234,
                    -1.979145884513855
                ],
                [
                    -0.7092282176017761,
                    -0.4085579216480255,
                    -0.659564197063446,
                    0.16252171993255615
                ]
            ],
            "convs.2.bias": [
                -0.3902841806411743,
                -0.5824010372161865
            ],
            "convs.2.lin.weight": [
                [
                    0.5536395907402039,
                    -0.37124207615852356,
                    2.426285982131958,
                    -0.5938295722007751
                ],
                [
                    -0.3362053334712982,
                    -0.5020329356193542,
                    4.9991559982299805,
                    0.5026358962059021
                ]
            ],
            "lin_out.weight": [
                [
                    -0.048144105821847916,
                    -0.7082006335258484
                ],
                [
                    2.820181131362915,
                    3.196744680404663
                ],
                [
                    -0.7487034797668457,
                    -0.30077260732650757
                ],
                [
                    0.2375783920288086,
                    -0.7028264403343201
                ]
            ],
            "lin_out.bias": [
                -1.4525136947631836,
                -3.782132625579834,
                -1.6598865985870361,
                -1.5093915462493896
            ]
        },
        "(2, 2, 2, 0)": {
            "convs.0.bias": [
                1.0254261493682861,
                -1.734108805656433,
                -1.4005488157272339,
                1.206167221069336
            ],