{
    "experiment_config": {
        "mode": "combined",
        "num_categories": 3,
        "p": 0.25,
        "num_nodes": 20,
        "motif_dim": 3,
        "chain_length_min": 2,
        "chain_length_max": 7,
        "num_train_samples": 10000,
        "num_test_samples": 3000,
        "batch_size": 4,
        "in_dim": 4,
        "hidden_dims": [
            6,
            6,
            3
        ],
        "lr": 0.01,
        "use_weighting": true,
        "importance": [
            15.0,
            10.0
        ],
        "phase1_epochs": 5,
        "phase2_epochs": 10,
        "num_epochs": 5,
        "device": "cpu",
        "model_type": "GIN"
    },
    "summary": {
        "(1, 1, 1, 0)": [
            0.3602520050605138,
            0.006132175624370573
        ],
        "Failed": [
            0.4190644826889039,
            0.0040721293004578425
        ],
        "(2, 2, 2, 0)": [
            0.28959850253661473,
            0.033240289032459236
        ]
    }
}