{
    "experiment_config": {
        "mode": "simple",
        "num_categories": 7,
        "p": 0.8,
        "p_count": 0.9,
        "num_nodes": 20,
        "motif_dim": 0,
        "chain_length_min": 2,
        "chain_length_max": 7,
        "num_train_samples": 5000,
        "num_test_samples": 1500,
        "batch_size": 16,
        "in_dim": 7,
        "hidden_dims": [
            12,
            3
        ],
        "lr": 0.01,
        "use_weighting": true,
        "importance": [
            15.0,
            10.0
        ],
        "phase1_epochs": 0,
        "phase2_epochs": 50,
        "num_epochs": 12,
        "device": "cpu",
        "model_type": "GIN",
        "pooling": "mean",
        "log_dir": "runs/GIN/simple/small/mean/7",
        "add_graph": false,
        "track_embeddings": false,
        "save": true
    },
    "sparcity": 0.7964733762648115,
    "summary format:": "Key: (Num of active features, Num of accurate feature, Geometry, Collapsed). Loss, s.d. Loss, Count",
    "summary": {
        "(0, 0, 'Failed', 0)": [
            0.5166499129931132,
            0.0,
            1
        ]
    },
    "results": [
        {
            "Num of features": 7,
            "Num of active features": 0,
            "Num of accurate feature": 0,
            "Geometry": "Failed",
            "Collapsed": 0,
            "Loss": 0.5166499129931132,
            "Rank": 1,
            "Singular values": [
                0.1389029324054718,
                3.1535101197022186e-09,
                1.307962405050489e-09
            ]
        }
    ],
    "average embeddings summary": {
        "(0, 0, 'Failed', 0)": {
            "(1, 0, 0, 0, 0, 0, 0)": [
                -0.03158995881676674,
                0.018462717533111572,
                -0.03764959052205086
            ],
            "(0, 0, 1, 0, 0, 0, 0)": [
                -0.03158995881676674,
                0.018462717533111572,
                -0.03764958679676056
            ],
            "(0, 0, 0, 0, 0, 0, 1)": [
                -0.03158995881676674,
                0.018462717533111572,
                -0.03764959052205086
            ],
            "(0, 0, 0, 1, 0, 0, 0)": [
                -0.03158996254205704,
                0.018462717533111572,
                -0.03764959052205086
            ],
            "(0, 0, 0, 0, 1, 0, 0)": [
                -0.03158995881676674,
                0.018462717533111572,
                -0.03764959052205086
            ],
            "(0, 0, 0, 0, 0, 1, 0)": [
                -0.03158995881676674,
                0.018462717533111572,
                -0.03764959052205086
            ],
            "(0, 1, 0, 0, 0, 0, 0)": [
                -0.03158995881676674,
                0.018462717533111572,
                -0.03764959052205086
            ]
        }
    },
    "model summary": {
        "(0, 0, 'Failed', 0)": {
            "convs.0.eps": [
                -0.06865894794464111
            ],
            "convs.0.nn.0.weight": [
                [
                    0.11381595581769943,
                    -0.24334116280078888,
                    -0.23393522202968597,
                    -0.053831007331609726,
                    -0.11979122459888458,
                    0.45581087470054626,
                    0.18715748190879822
                ],
                [
                    -0.36592116951942444,
                    -0.2964651584625244,
                    -0.2096388339996338,
                    -0.21803461015224457,
                    -0.3145298659801483,
                    0.2229001671075821,
                    -0.44537538290023804
                ],
                [
                    -0.16607661545276642,
                    0.2558876872062683,
                    0.22405557334423065,
                    0.18499939143657684,
                    -0.21988970041275024,
                    -0.019785339012742043,
                    0.22711025178432465
                ],
                [
                    -0.16799232363700867,
                    -0.30894580483436584,
                    -0.2873259484767914,
                    0.029879745095968246,
                    -0.1818608194589615,
                    -0.09985464066267014,
                    0.05404520034790039
                ],
                [
                    0.23693297803401947,
                    -0.29351305961608887,
                    -0.281686395406723,
                    0.17272129654884338,
                    -0.38263019919395447,
                    -0.4200892746448517,
                    0.12528888881206512
                ],
                [
                    0.07665447890758514,
                    0.2519616186618805,
                    -0.047558192163705826,
                    0.08444231003522873,
                    0.20105239748954773,
                    -0.2961907982826233,
                    0.11413664370775223
                ],
                [
                    -0.19556543231010437,
                    -0.13025425374507904,
                    -0.334983766078949,
                    -0.009643862955272198,
                    -0.3695964515209198,
                    0.041172441095113754,
                    -0.02335348166525364
                ],
                [
                    0.3756653964519501,
                    0.22027748823165894,
                    0.05158890038728714,
                    0.3942885100841522,
                    -0.2642478346824646,
                    0.22817331552505493,
                    0.19168402254581451
                ],
                [
                    -0.21077944338321686,
                    0.031873323023319244,
                    0.3797478675842285,
                    0.2891589105129242,
                    -0.017863096669316292,
                    0.20491185784339905,
                    0.21632124483585358
                ],
                [
                    0.42980360984802246,
                    0.3942340016365051,
                    0.44432035088539124,
                    0.19376800954341888,
                    0.2583939731121063,
                    0.43699222803115845,
                    -0.065009705722332
                ],
                [
                    -0.3202509582042694,
                    0.2804360091686249,
                    0.20393630862236023,
                    -0.3050185441970825,
                    0.10485593974590302,
                    -0.13282427191734314,
                    0.2117787003517151
                ],
                [
                    0.04447990283370018,
                    0.39558082818984985,
                    0.1656387597322464,
                    -0.01668570563197136,
                    -0.008128546178340912,
                    0.3071354329586029,
                    0.41922104358673096
                ]
            ],
            "convs.0.nn.0.bias": [
                0.16684482991695404,
                0.18510256707668304,
                -0.1544298231601715,
                -0.3223671019077301,
                0.019656218588352203,
                -0.4390960931777954,
                -0.07603929936885834,
                -0.10511977970600128,
                0.08320622891187668,
                -0.06910120695829391,
                0.2526153028011322,
                0.41114065051078796
            ],