{
    "experiment_config": {
        "mode": "tox21",
        "root": "data/Tox21",
        "batch_size": 32,
        "train_split": 0.8,
        "mask_missing": true,
        "use_weighting": false,
        "importance": [
            100.0,
            100.0
        ],
        "hidden_dims": [
            12,
            6
        ],
        "num_categories": 12,
        "in_dim": 9,
        "lr": 0.001,
        "model_type": "GCN",
        "loss": "BCE",
        "pooling": "mean",
        "gm_p": 1.0,
        "device": "cpu",
        "phase1_epochs": 0,
        "phase2_epochs": 50,
        "log_dir": "runs/tox21/GCN/mean/[12, 6]",
        "file_path": "tox21/GCN/mean/[12, 6]",
        "save": true,
        "num_nodes": 20,
        "p": 0.8
    },
    "sparcity": 0.8694764120978721,
    "empty graph stats": 0.7009667754173279,
    "singular value ratio": [
        0.0,
        0.0
    ],
    "summary format:": "Key: (Num of active features, Num of accurate feature, Geometry, Collapsed). Loss, s.d. Loss, Count",
    "collapsed percentage": 0.0,
    "summary": {
        "(2, 0, 'Failed', 2)": [
            0.6274932212643809,
            0.0,
            1
        ]
    },
    "results": [
        {
            "Num of features": 12,
            "Num of active features": 2,
            "Num of accurate feature": 0,
            "Geometry": "Failed",
            "Collapsed": 2,
            "Loss": 0.6274932212643809,
            "Rank": 6,
            "Singular values": [
                10.725809097290039,
                1.6207891702651978,
                0.614923894405365,
                0.4479770064353943,
                0.02738313190639019,
                0.0028929957188665867
            ]
        }
    ],
    "average embeddings summary": {
        "(2, 0, 'Failed', 2)": {
            "(0, 0, 0, 1, 0, 0, 0, 0, 0, 0, 0, 0)": [
                -0.3527812659740448,
                -2.00555682182312,
                0.7384468913078308,
                0.1779317855834961,
                0.6644980311393738,
                -1.5298181772232056
            ],
            "(0, 0, 0, 0, 0, 0, 0, 1, 0, 0, 0, 0)": [
                -0.6362213492393494,
                -2.9726638793945312,
                0.2897724211215973,
                -0.5367934107780457,
                1.4119153022766113,
                -1.8990716934204102
            ],
            "(1, 0, 0, 0, 0, 0, 0, 0, 0, 0, 0, 0)": [
                -0.8999629020690918,
                -3.0792598724365234,
                0.9382301568984985,
                -0.3980563282966614,
                1.4012056589126587,
                -2.0301406383514404
            ],
            "(0, 0, 1, 0, 0, 0, 0, 0, 0, 0, 0, 0)": [
                -0.2709583044052124,
                -1.999276876449585,
                0.6333425641059875,
                0.14278113842010498,
                0.6425915956497192,
                -1.502726674079895
            ],
            "(0, 0, 0, 0, 0, 0, 1, 0, 0, 0, 0, 0)": [
                -0.22145859897136688,
                -2.219506025314331,
                0.9872087240219116,
                0.06326329708099365,
                0.5704670548439026,
                -1.5564334392547607
            ],
            "(0, 0, 0, 0, 1, 0, 0, 0, 0, 0, 0, 0)": [
                -0.8634852766990662,
                -3.063957929611206,
                0.7757856249809265,
                -0.42966777086257935,
                1.4315478801727295,
                -1.989638090133667
            ],
            "(0, 0, 0, 0, 0, 0, 0, 0, 0, 0, 1, 0)": [
                -0.9233480095863342,
                -2.537646770477295,
                1.025033712387085,
                0.0007154147024266422,
                1.1712441444396973,
                -1.8780068159103394
            ],
            "(0, 1, 0, 0, 0, 0, 0, 0, 0, 0, 0, 0)": [
                -0.13762050867080688,
                -2.1155283451080322,
                1.2289739847183228,
                0.1767600178718567,
                0.39319589734077454,
                -1.4693979024887085
            ],
            "(0, 0, 0, 0, 0, 0, 0, 0, 0, 1, 0, 0)": [
                -0.8995727300643921,
                -3.7194042205810547,
                0.6191774010658264,
                -0.9099995493888855,
                1.7880620956420898,
                -2.1630897521972656
            ]
        }
    },
    "model summary": {
        "(2, 0, 'Failed', 2)": {
            "convs.0.bias": [
                0.051710985600948334,
                -0.11420605331659317,
                -0.11266524344682693,
                -0.026137711480259895,
                0.005091948434710503,
                0.0,
                0.033085472881793976,
                -0.05445398390293121,
                0.0,
                0.0,
                0.0,
                0.10373783856630325
            ],