{
    "experiment_config": {
        "mode": "tox21",
        "root": "data/Tox21",
        "batch_size": 32,
        "train_split": 0.8,
        "mask_missing": true,
        "use_weighting": false,
        "importance": [
            100.0,
            100.0
        ],
        "hidden_dims": [
            12,
            6
        ],
        "num_categories": 12,
        "in_dim": 9,
        "lr": 0.001,
        "model_type": "GCN",
        "loss": "BCE",
        "pooling": "mean",
        "gm_p": 1.0,
        "device": "cpu",
        "phase1_epochs": 0,
        "phase2_epochs": 50,
        "log_dir": "runs/tox21/GCN/mean/[12, 6]",
        "file_path": "tox21/GCN/mean/[12, 6]",
        "save": true,
        "num_nodes": 20,
        "p": 0.8
    },
    "sparcity": 0.8694764120978721,
    "empty graph stats": 0.6213123202323914,
    "singular value ratio": [
        0.0,
        0.0
    ],
    "summary format:": "Key: (Num of active features, Num of accurate feature, Geometry, Collapsed). Loss, s.d. Loss, Count",
    "collapsed percentage": 0.0,
    "summary": {
        "(8, 0, 'Failed', 8)": [
            0.6310778175081525,
            0.0,
            1
        ]
    },
    "results": [
        {
            "Num of features": 12,
            "Num of active features": 8,
            "Num of accurate feature": 0,
            "Geometry": "Failed",
            "Collapsed": 8,
            "Loss": 0.6310778175081525,
            "Rank": 6,
            "Singular values": [
                10.682422637939453,
                1.0217676162719727,
                0.7592477202415466,
                0.1372993439435959,
                0.026304954662919044,
                0.0008565746829845011
            ]
        }
    ],
    "average embeddings summary": {
        "(8, 0, 'Failed', 8)": {
            "(0, 0, 0, 1, 0, 0, 0, 0, 0, 0, 0, 0)": [
                0.28305187821388245,
                -1.2766977548599243,
                2.0144031047821045,
                1.0119805335998535,
                -0.6890060305595398,
                0.7764158248901367
            ],
            "(0, 0, 0, 0, 0, 0, 0, 1, 0, 0, 0, 0)": [
                0.754763126373291,
                -2.0299007892608643,
                2.514265298843384,
                1.7187533378601074,
                -1.3145936727523804,
                0.9532590508460999
            ],
            "(1, 0, 0, 0, 0, 0, 0, 0, 0, 0, 0, 0)": [
                0.5837358236312866,
                -1.822914481163025,
                2.579653263092041,
                1.2332408428192139,
                -1.7494151592254639,
                0.9828861951828003
            ],
            "(0, 0, 1, 0, 0, 0, 0, 0, 0, 0, 0, 0)": [
                0.31858333945274353,
                -1.3258315324783325,
                1.9939519166946411,
                1.13160240650177,
                -0.6073392629623413,
                0.7591841816902161
            ],
            "(0, 0, 0, 0, 0, 0, 1, 0, 0, 0, 0, 0)": [
                0.23825335502624512,
                -1.3045759201049805,
                2.0974225997924805,
                1.0686075687408447,
                -0.7421600222587585,
                0.7673385143280029
            ],
            "(0, 0, 0, 0, 1, 0, 0, 0, 0, 0, 0, 0)": [
                0.6955984234809875,
                -1.9198209047317505,
                2.5565505027770996,
                1.357713222503662,
                -1.629339575767517,
                0.9915624856948853
            ],
            "(0, 0, 0, 0, 0, 0, 0, 0, 0, 0, 1, 0)": [
                0.4791238009929657,
                -1.4606571197509766,
                2.255615234375,
                0.7729259133338928,
                -1.4733996391296387,
                0.9566071033477783
            ],
            "(0, 1, 0, 0, 0, 0, 0, 0, 0, 0, 0, 0)": [
                0.1850462704896927,
                -1.1962332725524902,
                2.0162513256073,
                0.9119079113006592,
                -0.6904487013816833,
                0.7346784472465515
            ],
            "(0, 0, 0, 0, 0, 0, 0, 0, 0, 1, 0, 0)": [
                0.9804934859275818,
                -2.441509485244751,
                2.917551279067993,
                1.9146575927734375,
                -1.984903335571289,
                1.0844305753707886
            ]
        }
    },
    "model summary": {
        "(8, 0, 'Failed', 8)": {
            "convs.0.bias": [
                0.1361834704875946,
                0.062152199447155,
                0.026395240798592567,
                0.0,
                0.0,
                0.0,
                0.0,
                0.0,
                0.0,
                -0.00996592827141285,
                -0.02650577202439308,
                0.0
            ],