{
    "experiment_config": {
        "mode": "count",
        "num_categories": 3,
        "p": 0.7,
        "p_count": 0.9,
        "num_nodes": 10,
        "motif_dim": 0,
        "chain_length_min": 2,
        "chain_length_max": 7,
        "num_train_samples": 10000,
        "num_test_samples": 3000,
        "batch_size": 16,
        "in_dim": 2,
        "hidden_dims": [
            2,
            2
        ],
        "lr": 0.01,
        "use_weighting": true,
        "importance": [
            15.0,
            10.0
        ],
        "phase1_epochs": 0,
        "phase2_epochs": 20,
        "num_epochs": 5,
        "device": "cpu",
        "model_type": "GCN",
        "pooling": "mean",
        "save": true
    },
    "sparcity": 0.38744714622656257,
    "summary format:": "Key: (Num of active features, Num of accurate feature, Geometry, Collapsed). Loss, s.d. Loss, Count",
    "summary": {
        "(0, 0, 'Failed', 0)": [
            0.6277432771258884,
            0.0011218383929354305,
            3
        ],
        "(2, 2, 2, 0)": [
            0.1743840890791681,
            0.00562491759486453,
            3
        ],
        "(3, 3, 'Failed', 0)": [
            0.002416791785669981,
            0.0,
            1
        ],
        "(3, 3, 3, 0)": [
            0.0037320763719900347,
            0.0011685423242966918,
            3
        ]
    },
    "results": [
        {
            "Num of features": 3,
            "Num of active features": 0,
            "Num of accurate feature": 0,
            "Geometry": "Failed",
            "Collapsed": 0,
            "Loss": 0.6263679919242859,
            "Rank": 1,
            "Singular values": [
                0.013207884505391121,
                1.750543980605368e-11
            ]
        },
        {
            "Num of features": 3,
            "Num of active features": 0,
            "Num of accurate feature": 0,
            "Geometry": "Failed",
            "Collapsed": 0,
            "Loss": 0.6291159197489421,
            "Rank": 1,
            "Singular values": [
                0.10528421401977539,
                2.6394735286316973e-09
            ]
        },
        {
            "Num of features": 3,
            "Num of active features": 2,
            "Num of accurate feature": 2,
            "Geometry": 2,
            "Collapsed": 0,
            "Loss": 0.17640456632773083,
            "Rank": 2,
            "Singular values": [
                11.226065635681152,
                2.5466361045837402
            ]
        },
        {
            "Num of features": 3,
            "Num of active features": 2,
            "Num of accurate feature": 2,
            "Geometry": 2,
            "Collapsed": 0,
            "Loss": 0.1800370179216067,
            "Rank": 2,
            "Singular values": [
                8.798471450805664,
                1.5634119510650635
            ]
        },
        {
            "Num of features": 3,
            "Num of active features": 3,
            "Num of accurate feature": 3,
            "Geometry": "Failed",
            "Collapsed": 0,
            "Loss": 0.002416791785669981,
            "Rank": 2,
            "Singular values": [
                9.150230407714844,
                8.079099655151367
            ]
        },
        {
            "Num of features": 3,
            "Num of active features": 3,
            "Num of accurate feature": 3,
            "Geometry": 3,
            "Collapsed": 0,
            "Loss": 0.002642205614419557,
            "Rank": 2,
            "Singular values": [
                5.953342437744141,
                2.304506301879883
            ]
        },
        {
            "Num of features": 3,
            "Num of active features": 0,
            "Num of accurate feature": 0,
            "Geometry": "Failed",
            "Collapsed": 0,
            "Loss": 0.6277459197044373,
            "Rank": 1,
            "Singular values": [
                0.07848583161830902,
                7.209770558347373e-10
            ]
        },
        {
            "Num of features": 3,
            "Num of active features": 2,
            "Num of accurate feature": 2,
            "Geometry": 2,
            "Collapsed": 0,
            "Loss": 0.1667106829881668,
            "Rank": 2,
            "Singular values": [
                10.597479820251465,
                1.769887089729309
            ]
        },
        {
            "Num of features": 3,
            "Num of active features": 3,
            "Num of accurate feature": 3,
            "Geometry": 3,
            "Collapsed": 0,
            "Loss": 0.005352824487432372,
            "Rank": 2,
            "Singular values": [
                5.49598503112793,
                5.108518123626709
            ]
        },
        {
            "Num of features": 3,
            "Num of active features": 3,
            "Num of accurate feature": 3,
            "Geometry": 3,
            "Collapsed": 0,
            "Loss": 0.003201199014118174,
            "Rank": 2,
            "Singular values": [
                6.845637321472168,
                2.2504329681396484
            ]
        }
    ],
    "average embeddings summary": {
        "(0, 0, 'Failed', 0)": {
            "(0, 1, 0)": [
                -0.00035109216696582735,
                -0.00761748943477869
            ],
            "(0, 0, 1)": [
                -0.00035109216696582735,
                -0.007617488969117403
            ],
            "(1, 0, 0)": [
                -0.00035109216696582735,
                -0.007617488969117403
            ]
        },
        "(2, 2, 2, 0)": {
            "(0, 1, 0)": [
                -2.133132219314575,
                0.07447613775730133
            ],
            "(0, 0, 1)": [
                -1.2092981338500977,
                -1.3922291994094849
            ],
            "(1, 0, 0)": [
                4.379495143890381,
                -10.265155792236328
            ]
        },
        "(3, 3, 'Failed', 0)": {
            "(1, 0, 0)": [
                3.178295850753784,
                -8.345684051513672
            ],
            "(0, 0, 1)": [
                0.8981865048408508,
                1.2038620710372925
            ],
            "(0, 1, 0)": [
                -7.375141620635986,
                -3.5493409633636475
            ]
        },
        "(3, 3, 3, 0)": {
            "(0, 1, 0)": [
                -0.6182137131690979,
                2.168666124343872
            ],
            "(1, 0, 0)": [
                5.7569708824157715,
                -0.9716730713844299
            ],
            "(0, 0, 1)": [
                -0.7725319862365723,
                -0.9920018911361694
            ]
        }
    },
    "model summary": {
        "(0, 0, 'Failed', 0)": {
            "convs.0.bias": [
                0.0,
                -0.16214682161808014
            ],
            "convs.0.lin.weight": [
                [
                    -0.32525745034217834,
                    -0.09100517630577087
                ],
                [
                    -1.1681050062179565,
                    0.08861847966909409
                ]
            ],
            "convs.1.bias": [
                -0.0003510921378619969,
                -0.00761749129742384
            ],
            "convs.1.lin.weight": [
                [
                    0.11861644685268402,
                    -0.9177053570747375
                ],
                [
                    -0.26026540994644165,
                    -1.0444809198379517
                ]
            ],