{
    "experiment_config": {
        "mode": "count",
        "num_categories": 3,
        "p": 0.7,
        "p_count": 0.9,
        "num_nodes": 10,
        "motif_dim": 0,
        "chain_length_min": 2,
        "chain_length_max": 7,
        "num_train_samples": 10000,
        "num_test_samples": 3000,
        "batch_size": 16,
        "in_dim": 2,
        "hidden_dims": [
            2,
            2
        ],
        "lr": 0.01,
        "use_weighting": true,
        "importance": [
            15.0,
            10.0
        ],
        "phase1_epochs": 0,
        "phase2_epochs": 20,
        "num_epochs": 5,
        "device": "cpu",
        "model_type": "GIN",
        "pooling": "mean",
        "save": true
    },
    "sparcity": 0.38744714622656257,
    "summary": {
        "(2, 2, 2, 0)": [
            0.16252393533786139,
            0.013628450294335681,
            2
        ],
        "(3, 3, 'Failed', 0)": [
            0.0023926686687627805,
            0.0,
            1
        ],
        "(3, 3, 3, 0)": [
            0.002382684661934566,
            0.00041831945086660285,
            3
        ],
        "(0, 0, 'Failed', 0)": [
            0.6287010247310003,
            0.0011538635361173057,
            4
        ]
    },
    "results": [
        {
            "Num of features": 3,
            "Num of active features": 2,
            "Num of accurate feature": 2,
            "Geometry": 2,
            "Collapsed": 0,
            "Loss": 0.17615238563219707,
            "Rank": 2,
            "Singular values": [
                37.85653305053711,
                4.335442066192627
            ]
        },
        {
            "Num of features": 3,
            "Num of active features": 3,
            "Num of accurate feature": 3,
            "Geometry": "Failed",
            "Collapsed": 0,
            "Loss": 0.0023926686687627805,
            "Rank": 2,
            "Singular values": [
                22.523242950439453,
                5.740413665771484
            ]
        },
        {
            "Num of features": 3,
            "Num of active features": 3,
            "Num of accurate feature": 3,
            "Geometry": 3,
            "Collapsed": 0,
            "Loss": 0.00215260904514192,
            "Rank": 2,
            "Singular values": [
                41.939910888671875,
                4.839511394500732
            ]
        },
        {
            "Num of features": 3,
            "Num of active features": 3,
            "Num of accurate feature": 3,
            "Geometry": 3,
            "Collapsed": 0,
            "Loss": 0.002025720719933588,
            "Rank": 2,
            "Singular values": [
                18.065637588500977,
                10.31270980834961
            ]
        },
        {
            "Num of features": 3,
            "Num of active features": 0,
            "Num of accurate feature": 0,
            "Geometry": "Failed",
            "Collapsed": 0,
            "Loss": 0.6303122614224752,
            "Rank": 1,
            "Singular values": [
                0.013789125718176365,
                2.936303422629294e-10
            ]
        },
        {
            "Num of features": 3,
            "Num of active features": 2,
            "Num of accurate feature": 2,
            "Geometry": 2,
            "Collapsed": 0,
            "Loss": 0.1488954850435257,
            "Rank": 2,
            "Singular values": [
                470.104248046875,
                2.6556124687194824
            ]
        },
        {
            "Num of features": 3,
            "Num of active features": 0,
            "Num of accurate feature": 0,
            "Geometry": "Failed",
            "Collapsed": 0,
            "Loss": 0.6273328485488892,
            "Rank": 1,
            "Singular values": [
                0.016254030168056488,
                4.733425457148499e-11
            ]
        },
        {
            "Num of features": 3,
            "Num of active features": 0,
            "Num of accurate feature": 0,
            "Geometry": "Failed",
            "Collapsed": 0,
            "Loss": 0.6279360369046529,
            "Rank": 1,
            "Singular values": [
                0.3239441514015198,
                1.4592886898867619e-09
            ]
        },
        {
            "Num of features": 3,
            "Num of active features": 3,
            "Num of accurate feature": 3,
            "Geometry": 3,
            "Collapsed": 0,
            "Loss": 0.0029697242207281913,
            "Rank": 2,
            "Singular values": [
                138.53561401367188,
                7.590732097625732
            ]
        },
        {
            "Num of features": 3,
            "Num of active features": 0,
            "Num of accurate feature": 0,
            "Geometry": "Failed",
            "Collapsed": 0,
            "Loss": 0.6292229520479838,
            "Rank": 1,
            "Singular values": [
                0.0022769286297261715,
                1.4032980333311684e-10
            ]
        }
    ],
    "average embeddings summary": {
        "(2, 2, 2, 0)": {
            "(1, 0, 0)": [
                3.4295573234558105,
                0.2527593970298767
            ],
            "(0, 0, 1)": [
                1.0736631155014038,
                5.082059860229492
            ],
            "(0, 1, 0)": [
                -13.552251815795898,
                35.06342697143555
            ]
        },
        "(3, 3, 'Failed', 0)": {
            "(0, 0, 1)": [
                -4.168959140777588,
                -3.5234854221343994
            ],
            "(1, 0, 0)": [
                3.337650775909424,
                0.46323758363723755
            ],
            "(0, 1, 0)": [
                -18.20746612548828,
                12.945550918579102
            ]
        },
        "(3, 3, 3, 0)": {
            "(1, 0, 0)": [
                2.1002583503723145,
                -1.5658704042434692
            ],
            "(0, 1, 0)": [
                9.848846435546875,
                40.74845886230469
            ],
            "(0, 0, 1)": [
                -4.239258289337158,
                0.32576048374176025
            ]
        },
        "(0, 0, 'Failed', 0)": {
            "(0, 0, 1)": [
                0.0035319854505360126,
                -0.00713477935642004
            ],
            "(1, 0, 0)": [
                0.003531985217705369,
                -0.00713477935642004
            ],
            "(0, 1, 0)": [
                0.003531985217705369,
                -0.0071347798220813274
            ]
        }
    },
    "model summary": {
        "(2, 2, 2, 0)": {
            "convs.0.eps": [
                0.3503865599632263
            ],
            "convs.0.nn.0.weight": [
                [
                    -0.4365425407886505,
                    -0.648343026638031
                ],
                [
                    -0.8290783166885376,
                    1.2581710815429688
                ]
            ],
            "convs.0.nn.0.bias": [
                -0.08203470706939697,
                0.4904750883579254
            ],
            "convs.0.nn.2.weight": [
                [
                    -0.4985886812210083,
                    -0.2579042911529541
                ],
                [
                    0.39970460534095764,
                    1.0120958089828491
                ]
            ],
            "convs.0.nn.2.bias": [
                2.007011890411377,
                -0.00167654559481889
            ],
            "convs.1.eps": [
                2.514248847961426
            ],
            "convs.1.nn.0.weight": [
                [
                    -0.2540472149848938,
                    -0.4738117456436157
                ],
                [
                    -1.2132173776626587,
                    0.7321917414665222
                ]
            ],