{
    "experiment_config": {
        "mode": "count",
        "num_categories": 3,
        "p": 0.7,
        "p_count": 0.9,
        "num_nodes": 10,
        "motif_dim": 0,
        "chain_length_min": 2,
        "chain_length_max": 7,
        "num_train_samples": 10000,
        "num_test_samples": 3000,
        "batch_size": 16,
        "in_dim": 2,
        "hidden_dims": [
            2,
            2
        ],
        "lr": 0.01,
        "use_weighting": true,
        "importance": [
            15.0,
            10.0
        ],
        "phase1_epochs": 0,
        "phase2_epochs": 20,
        "num_epochs": 5,
        "device": "cpu",
        "model_type": "GCN",
        "pooling": "mean",
        "save": true
    },
    "sparcity": 0.38744714622656257,
    "summary format:": "Key: (Num of active features, Num of accurate feature, Geometry, Collapsed). Loss, s.d. Loss, Count",
    "summary": {
        "(2, 2, 2, 0)": [
            0.17328745324412978,
            0.003326651321832882,
            6
        ],
        "(3, 3, 'Failed', 0)": [
            0.005975162539068454,
            0.0,
            1
        ],
        "(3, 3, 3, 0)": [
            0.004002742857007737,
            0.0,
            1
        ],
        "(0, 0, 'Failed', 0)": [
            0.6264678242206574,
            0.00032647728919982244,
            2
        ]
    },
    "results": [
        {
            "Num of features": 3,
            "Num of active features": 2,
            "Num of accurate feature": 2,
            "Geometry": 2,
            "Collapsed": 0,
            "Loss": 0.17478381792704265,
            "Rank": 2,
            "Singular values": [
                11.739326477050781,
                1.9789807796478271
            ]
        },
        {
            "Num of features": 3,
            "Num of active features": 2,
            "Num of accurate feature": 2,
            "Geometry": 2,
            "Collapsed": 0,
            "Loss": 0.1693851230343183,
            "Rank": 2,
            "Singular values": [
                11.851374626159668,
                1.926995038986206
            ]
        },
        {
            "Num of features": 3,
            "Num of active features": 2,
            "Num of accurate feature": 2,
            "Geometry": 2,
            "Collapsed": 0,
            "Loss": 0.17082406755288443,
            "Rank": 2,
            "Singular values": [
                12.30947208404541,
                1.9973220825195312
            ]
        },
        {
            "Num of features": 3,
            "Num of active features": 2,
            "Num of accurate feature": 2,
            "Geometry": 2,
            "Collapsed": 0,
            "Loss": 0.1774031909306844,
            "Rank": 2,
            "Singular values": [
                11.241901397705078,
                2.0219709873199463
            ]
        },
        {
            "Num of features": 3,
            "Num of active features": 3,
            "Num of accurate feature": 3,
            "Geometry": "Failed",
            "Collapsed": 0,
            "Loss": 0.005975162539068454,
            "Rank": 2,
            "Singular values": [
                9.541106224060059,
                7.569412708282471
            ]
        },
        {
            "Num of features": 3,
            "Num of active features": 3,
            "Num of accurate feature": 3,
            "Geometry": 3,
            "Collapsed": 0,
            "Loss": 0.004002742857007737,
            "Rank": 2,
            "Singular values": [
                7.232295036315918,
                2.6871652603149414
            ]
        },
        {
            "Num of features": 3,
            "Num of active features": 0,
            "Num of accurate feature": 0,
            "Geometry": "Failed",
            "Collapsed": 0,
            "Loss": 0.6261413469314575,
            "Rank": 2,
            "Singular values": [
                0.07832891494035721,
                3.806702864039835e-07
            ]
        },
        {
            "Num of features": 3,
            "Num of active features": 2,
            "Num of accurate feature": 2,
            "Geometry": 2,
            "Collapsed": 0,
            "Loss": 0.17724482095241548,
            "Rank": 2,
            "Singular values": [
                10.754591941833496,
                2.343533754348755
            ]
        },
        {
            "Num of features": 3,
            "Num of active features": 0,
            "Num of accurate feature": 0,
            "Geometry": "Failed",
            "Collapsed": 0,
            "Loss": 0.6267943015098572,
            "Rank": 1,
            "Singular values": [
                0.031895700842142105,
                1.2137920668564561e-09
            ]
        },
        {
            "Num of features": 3,
            "Num of active features": 2,
            "Num of accurate feature": 2,
            "Geometry": 2,
            "Collapsed": 0,
            "Loss": 0.17008369906743367,
            "Rank": 2,
            "Singular values": [
                12.390636444091797,
                2.2281432151794434
            ]
        }
    ],
    "average embeddings summary": {
        "(2, 2, 2, 0)": {
            "(0, 1, 0)": [
                -1.3672980070114136,
                1.2079238891601562
            ],
            "(1, 0, 0)": [
                11.196052551269531,
                3.1293067932128906
            ],
            "(0, 0, 1)": [
                0.9124141335487366,
                1.5565729141235352
            ]
        },
        "(3, 3, 'Failed', 0)": {
            "(0, 1, 0)": [
                -7.792535781860352,
                1.4939929246902466
            ],
            "(0, 0, 1)": [
                1.8256760835647583,
                1.4807425737380981
            ],
            "(1, 0, 0)": [
                -3.074315309524536,
                -8.390231132507324
            ]
        },
        "(3, 3, 3, 0)": {
            "(1, 0, 0)": [
                2.6838977336883545,
                6.563304901123047
            ],
            "(0, 1, 0)": [
                -2.834735631942749,
                -0.016204163432121277
            ],
            "(0, 0, 1)": [
                0.319163054227829,
                -1.053003191947937
            ]
        },
        "(0, 0, 'Failed', 0)": {
            "(0, 1, 0)": [
                0.04373596981167793,
                -0.011502187699079514
            ],
            "(0, 0, 1)": [
                0.043736159801483154,
                -0.011501754634082317
            ],
            "(1, 0, 0)": [
                0.043736156076192856,
                -0.011501755565404892
            ]
        }
    },
    "model summary": {
        "(2, 2, 2, 0)": {
            "convs.0.bias": [
                0.0,
                -0.06276854127645493
            ],
            "convs.0.lin.weight": [
                [
                    -1.2064273357391357,
                    -0.24276340007781982
                ],
                [
                    4.453301429748535,
                    -3.9382150173187256
                ]
            ],
            "convs.1.bias": [
                -1.43192458152771,
                1.1980403661727905
            ],
            "convs.1.lin.weight": [
                [
                    1.1673065423965454,
                    8.032334327697754
                ],
                [
                    0.21394018828868866,
                    1.2284293174743652
                ]
            ],
            "lin_out.weight": [
                [
                    5.5723490715026855,
                    -7.520810604095459
                ],
                [
                    -12.190986633300781,
                    -3.2041425704956055
                ],
                [
                    -0.007582342717796564,
                    -0.614919900894165
                ]
            ],