{
    "experiment_config": {
        "mode": "simple",
        "num_categories": 3,
        "p": 0.2,
        "num_nodes": 20,
        "motif_dim": 0,
        "chain_length_min": 2,
        "chain_length_max": 7,
        "num_train_samples": 10000,
        "num_test_samples": 3000,
        "batch_size": 16,
        "in_dim": 3,
        "hidden_dims": [
            3,
            3
        ],
        "lr": 0.01,
        "use_weighting": true,
        "importance": [
            15.0,
            10.0
        ],
        "phase1_epochs": 5,
        "phase2_epochs": 5,
        "num_epochs": 5,
        "device": "cpu",
        "model_type": "GCN"
    },
    "sparcity": 0.9232159992225947,
    "summary": {
        "(2, 2, 2, 0)": [
            0.348730886777242,
            0.0
        ],
        "(3, 1, 3, 0)": [
            0.4182166118621826,
            0.0
        ],
        "(3, 2, 'Failed', 0)": [
            0.33841965381304423,
            0.0
        ],
        "(3, 2, 3, 0)": [
            0.27094693048795065,
            0.0
        ]
    },
    "model summary": {
        "('model', 2, 2, 2, 0)": {
            "convs.0.bias": [
                0.33407047390937805,
                0.9429199695587158,
                1.0839687585830688
            ],
            "convs.0.lin.weight": [
                [
                    6.117882251739502,
                    -3.9539682865142822,
                    -0.6136124134063721
                ],
                [
                    -0.08786296099424362,
                    -0.9135862588882446,
                    6.282002925872803
                ],
                [
                    -1.5352506637573242,
                    7.385162353515625,
                    -0.5500680804252625
                ]
            ],
            "convs.1.bias": [
                -1.4176793098449707,
                -1.4652354717254639,
                -1.7468053102493286
            ],
            "convs.1.lin.weight": [
                [
                    5.0116376876831055,
                    -1.3904517889022827,
                    -0.5998806357383728
                ],
                [
                    -1.649559497833252,
                    -1.7147163152694702,
                    3.4336555004119873
                ],
                [
                    -1.861562967300415,
                    4.138217449188232,
                    -1.7888487577438354
                ]
            ],
            "lin_out.weight": [
                [
                    1.1930047273635864,
                    0.19887736439704895,
                    0.20644396543502808
                ],
                [
                    0.5033798813819885,
                    1.6241130828857422,
                    0.44023019075393677
                ],
                [
                    0.2961950898170471,
                    0.44150984287261963,
                    1.5234839916229248
                ]
            ],
            "lin_out.bias": [
                -1.5767760276794434,
                -1.3175339698791504,
                -1.4131826162338257
            ]
        },
        "('model', 3, 1, 3, 0)": {
            "convs.0.bias": [
                0.6616352796554565,
                -0.2781020402908325,
                0.5763909220695496
            ],
            "convs.0.lin.weight": [
                [
                    5.727252006530762,
                    -4.091117858886719,
                    -2.433760643005371
                ],
                [
                    -0.2899956703186035,
                    0.24913933873176575,
                    -0.7284396290779114
                ],
                [
                    -4.2855329513549805,
                    -3.950021266937256,
                    5.086526870727539
                ]
            ],
            "convs.1.bias": [
                -2.8357293605804443,
                1.8246655464172363,
                -3.0030150413513184
            ],
            "convs.1.lin.weight": [
                [
                    4.698728561401367,
                    0.4650816321372986,
                    -1.1922231912612915
                ],
                [
                    -2.402888774871826,
                    -0.5856035947799683,
                    -2.7674190998077393
                ],
                [
                    -1.1100633144378662,
                    -0.48477980494499207,
                    5.938021659851074
                ]
            ],
            "lin_out.weight": [
                [
                    1.317158579826355,
                    -0.1813092678785324,
                    0.27346915006637573
                ],
                [
                    -0.2378312647342682,
                    1.1488292217254639,
                    -0.35150283575057983
                ],
                [
                    0.3017383813858032,
                    -0.07407823204994202,
                    1.3452672958374023
                ]
            ],
            "lin_out.bias": [
                -2.7097420692443848,
                1.6366164684295654,
                -2.3702392578125
            ]
        },
        "('model', 3, 2, 'Failed', 0)": {
            "convs.0.bias": [
                0.0,
                -2.774549722671509,
                0.33490189909935
            ],
            "convs.0.lin.weight": [
                [
                    -0.08551609516143799,
                    -0.3971472978591919,
                    -0.10322320461273193
                ],
                [
                    -0.4760974645614624,
                    -0.2823466360569,
                    7.402411937713623
                ],
                [
                    -4.399669170379639,
                    5.814826011657715,
                    -1.7531388998031616
                ]
            ],
            "convs.1.bias": [
                0.7513822913169861,
                -2.703618049621582,
                -1.0586676597595215
            ],
            "convs.1.lin.weight": [
                [
                    0.6212939023971558,
                    -4.561681270599365,
                    -2.9405455589294434
                ],
                [
                    0.2533295154571533,
                    -1.4930118322372437,
                    5.807234287261963
                ],
                [
                    -0.4349942207336426,
                    9.414580345153809,
                    -0.8063650131225586
                ]
            ],
            "lin_out.weight": [
                [
                    1.3586750030517578,
                    0.06504569202661514,
                    -0.40826529264450073
                ],
                [
                    0.1357319951057434,
                    1.2301502227783203,
                    -0.4031756818294525
                ],
                [
                    -1.2418642044067383,
                    0.09950129687786102,
                    5.218757152557373
                ]
            ],
            "lin_out.bias": [
                0.40480974316596985,
                -3.0247561931610107,
                -1.664862871170044
            ]
        },
        "('model', 3, 2, 3, 0)": {
            "convs.0.bias": [
                1.7769174575805664,
                0.6550596356391907,
                -2.7925190925598145
            ],
            "convs.0.lin.weight": [
                [
                    -2.247925043106079,
                    -2.6212573051452637,
                    1.0980489253997803
                ],
                [
                    6.135842800140381,
                    -4.764622211456299,
                    -1.1730875968933105
                ],
                [
                    0.37406954169273376,
                    0.10486892610788345,
                    6.97043514251709
                ]
            ],