{
    "experiment_config": {
        "mode": "simple",
        "num_categories": 3,
        "p": 0.3,
        "p_count": 0.9,
        "num_nodes": 20,
        "motif_dim": 0,
        "chain_length_min": 2,
        "chain_length_max": 7,
        "num_train_samples": 10000,
        "num_test_samples": 3000,
        "batch_size": 16,
        "in_dim": 3,
        "hidden_dims": [
            3,
            2
        ],
        "lr": 0.01,
        "use_weighting": true,
        "importance": [
            15.0,
            10.0
        ],
        "phase1_epochs": 0,
        "phase2_epochs": 50,
        "num_epochs": 5,
        "device": "cpu",
        "model_type": "GCN",
        "pooling": "mean",
        "log_dir": "runs/simple/10",
        "save": true
    },
    "sparcity": 0.8388257568844947,
    "summary format:": "Key: (Num of active features, Num of accurate feature, Geometry, Collapsed). Loss, s.d. Loss, Count",
    "summary": {
        "(3, 3, 3, 0)": [
            0.2825394198099772,
            0.0,
            1
        ],
        "(3, 3, 'Failed', 0)": [
            0.32031342403093976,
            0.0,
            1
        ]
    },
    "results": [
        {
            "Num of features": 3,
            "Num of active features": 3,
            "Num of accurate feature": 3,
            "Geometry": 3,
            "Collapsed": 0,
            "Loss": 0.2825394198099772,
            "Rank": 2,
            "Singular values": [
                1.1878783702850342,
                1.1752593517303467
            ]
        },
        {
            "Num of features": 3,
            "Num of active features": 3,
            "Num of accurate feature": 3,
            "Geometry": "Failed",
            "Collapsed": 0,
            "Loss": 0.32031342403093976,
            "Rank": 2,
            "Singular values": [
                1.5364142656326294,
                0.8027790188789368
            ]
        }
    ],
    "average embeddings summary": {
        "(3, 3, 3, 0)": {
            "(0, 0, 1)": [
                -0.46042388677597046,
                -0.9643867611885071
            ],
            "(1, 0, 0)": [
                0.9516015648841858,
                -0.07401229441165924
            ],
            "(0, 1, 0)": [
                -0.531539261341095,
                0.6757959127426147
            ]
        },
        "(3, 3, 'Failed', 0)": {
            "(0, 1, 0)": [
                -0.06382676213979721,
                0.9969722628593445
            ],
            "(1, 0, 0)": [
                0.5895177125930786,
                -0.4252837300300598
            ],
            "(0, 0, 1)": [
                -0.5943110585212708,
                -1.060845136642456
            ]
        }
    },
    "model summary": {
        "(3, 3, 3, 0)": {
            "convs.0.bias": [
                -1.9911160469055176,
                -2.2897188663482666,
                -2.0832347869873047
            ],
            "convs.0.lin.weight": [
                [
                    4.875650405883789,
                    -0.04591188579797745,
                    0.20796304941177368
                ],
                [
                    0.3617820739746094,
                    4.903413772583008,
                    0.5253507494926453
                ],
                [
                    0.3896696865558624,
                    0.3549768924713135,
                    4.794321060180664
                ]
            ],
            "convs.1.bias": [
                -0.014103345572948456,
                -0.175855353474617
            ],
            "convs.1.lin.weight": [
                [
                    5.700999736785889,
                    -3.6483657360076904,
                    -3.00569486618042
                ],
                [
                    0.5077421069145203,
                    5.844776153564453,
                    -5.019379615783691
                ]
            ],
            "lin_out.weight": [
                [
                    7.506205081939697,
                    0.5543531179428101
                ],
                [
                    -4.617855548858643,
                    7.264026165008545
                ],
                [
                    -3.65645432472229,
                    -6.31630802154541
                ]
            ],
            "lin_out.bias": [
                -0.9501476287841797,
                -1.0981014966964722,
                -2.147880792617798
            ]
        },
        "(3, 3, 'Failed', 0)": {
            "convs.0.bias": [
                -1.3167564868927002,
                -2.4413578510284424,
                1.2141731977462769
            ],
            "convs.0.lin.weight": [
                [
                    -0.1879022866487503,
                    -0.03273096680641174,
                    4.887919902801514
                ],
                [
                    0.03134762868285179,
                    5.160290241241455,
                    0.17937958240509033
                ],
                [
                    -1.7834925651550293,
                    0.0842621773481369,
                    -4.218691349029541
                ]
            ],
            "convs.1.bias": [
                2.0982472896575928,
                -0.051036518067121506
            ],
            "convs.1.lin.weight": [
                [
                    -4.583953380584717,
                    -2.7405972480773926,
                    -1.6081628799438477
                ],
                [
                    -2.3492822647094727,
                    10.458317756652832,
                    -0.3580694794654846
                ]
            ],
            "lin_out.weight": [
                [
                    3.3325486183166504,
                    -0.488324373960495
                ],
                [
                    -5.427952289581299,
                    10.385934829711914
                ],
                [
                    -9.592270851135254,
                    -4.0114922523498535
                ]
            ],
            "lin_out.bias": [
                -1.0004364252090454,
                -1.3061808347702026,
                -3.147390604019165
            ]
        }
    }
}