{
    "experiment_config": {
        "mode": "simple",
        "num_categories": 5,
        "p": 0.3,
        "num_nodes": 20,
        "motif_dim": 0,
        "num_train_samples": 5000,
        "num_test_samples": 1500,
        "batch_size": 16,
        "in_dim": 5,
        "hidden_dims": [
            5,
            5
        ],
        "lr": 0.01,
        "use_weighting": true,
        "importance": [
            15.0,
            10.0
        ],
        "phase1_epochs": 0,
        "phase2_epochs": 50,
        "device": "cpu",
        "model_type": "GIN",
        "loss": "MSE",
        "pooling": "mean",
        "gm_p": 1.0,
        "log_dir": "runs/T/MSE/2/GIN/same/mean/5/high",
        "file_path": "T/MSE/2/GIN/same/mean/5/high",
        "add_graph": false,
        "track_embeddings": false,
        "track_singular_values": true,
        "get_elements": false,
        "save": true
    },
    "sparcity": 0.9370393313871229,
    "empty_graph_stats": [
        {
            "mean": [
                0.06048514321446419,
                0.022658808156847954,
                -0.04201201722025871,
                0.025264747440814972,
                0.060193054378032684
            ],
            "std": [
                0.00010307462798664346,
                0.00012168475950602442,
                8.63341338117607e-05,
                5.343895827536471e-05,
                4.365064796729712e-06
            ]
        }
    ],
    "summary format:": "Key: (Num of active features, Num of accurate feature, Geometry, Collapsed). Loss, s.d. Loss, Count",
    "collapsed percentage": 0.0,
    "summary": {
        "(5, 0, 'Failed', 3)": [
            0.060733194142580035,
            0.0,
            1
        ]
    },
    "results": [
        {
            "Num of features": 5,
            "Num of active features": 5,
            "Num of accurate feature": 0,
            "Geometry": "Failed",
            "Collapsed": 3,
            "Loss": 0.060733194142580035,
            "Rank": 3,
            "Singular values": [
                0.7092289924621582,
                0.6301002502441406,
                0.12500238418579102,
                2.863747017300966e-09,
                1.1379082799625511e-17
            ]
        }
    ],
    "average embeddings summary": {
        "(5, 0, 'Failed', 3)": {
            "(0, 0, 0, 1, 0)": [
                0.0604940727353096,
                0.022648271173238754,
                -0.04201949015259743,
                0.025260118767619133,
                0.06019342690706253
            ],
            "(0, 0, 1, 0, 0)": [
                0.0604940727353096,
                0.022648271173238754,
                -0.04201949015259743,
                0.025260118767619133,
                0.06019342690706253
            ],
            "(1, 0, 0, 0, 0)": [
                0.0604940727353096,
                0.022648271173238754,
                -0.042019493877887726,
                0.025260116904973984,
                0.06019342690706253
            ],
            "(0, 0, 0, 0, 1)": [
                -0.06289015710353851,
                -0.5599896907806396,
                -0.07711051404476166,
                -0.32633501291275024,
                0.09530944377183914
            ],
            "(0, 1, 0, 0, 0)": [
                -0.5460241436958313,
                0.13760381937026978,
                0.35199734568595886,
                -0.016671864315867424,
                0.06880421191453934
            ]
        }
    },
    "model summary": {
        "(5, 0, 'Failed', 3)": {
            "convs.0.eps": [
                -0.020707501098513603
            ],
            "convs.0.nn.0.weight": [
                [
                    -0.07354652136564255,
                    -0.05416291952133179,
                    -0.03697632998228073,
                    0.0028800666332244873,
                    0.9598951935768127
                ],
                [
                    0.0024697978515177965,
                    -0.27849799394607544,
                    -0.32750627398490906,
                    0.04959321394562721,
                    -0.35242074728012085
                ],
                [
                    -0.2643900513648987,
                    -0.475426584482193,
                    -0.2600528597831726,
                    -0.1913139373064041,
                    0.6216742992401123
                ],
                [
                    -0.054920777678489685,
                    -0.3541300594806671,
                    0.09196442365646362,
                    0.06005331873893738,
                    -0.13300403952598572
                ],
                [
                    -0.05416812747716904,
                    0.9906569719314575,
                    -0.08973562717437744,
                    -0.1952851563692093,
                    -0.06809119880199432
                ]
            ],
            "convs.0.nn.0.bias": [
                -1.76170814037323,
                -0.3357866108417511,
                -1.9261085987091064,
                -0.38281622529029846,
                -1.8995181322097778
            ],
            "convs.0.nn.2.weight": [
                [
                    1.2657251358032227,
                    0.19981463253498077,
                    0.06549271941184998,
                    0.0016262335702776909,
                    1.0297893285751343
                ],
                [
                    -0.10191307961940765,
                    -0.3708361089229584,
                    0.29355713725090027,
                    -0.3174145519733429,
                    -0.2085941731929779
                ],
                [
                    -0.35374873876571655,
                    -0.258527010679245,
                    -0.3777836561203003,
                    -0.20704083144664764,
                    -0.08049128204584122
                ],
                [
                    0.46821457147598267,
                    0.1566392034292221,
                    -1.2640689611434937,
                    0.11563532054424286,
                    -0.7380115389823914
                ],
                [
                    -0.09386791288852692,
                    -0.4649983048439026,
                    -0.44340014457702637,
                    0.2302984595298767,
                    -0.35735437273979187
                ]
            ],
            "convs.0.nn.2.bias": [
                -0.21244196593761444,
                -0.27609625458717346,
                -0.26299625635147095,
                0.5924679636955261,
                -0.5762941241264343
            ],
            "convs.1.eps": [
                0.05834287405014038
            ],
            "convs.1.nn.0.weight": [
                [
                    0.9829332828521729,
                    0.2994886338710785,
                    -0.326683908700943,
                    -0.18758580088615417,
                    0.060627251863479614
                ],
                [
                    1.4167002439498901,
                    0.32202813029289246,
                    0.4125494360923767,
                    -0.06524849683046341,
                    -0.07188542932271957
                ],
                [
                    -0.0011619353899732232,
                    -0.06540824472904205,
                    -0.4312194585800171,
                    -0.3077217936515808,
                    -0.4242528975009918
                ],
                [
                    0.7872415781021118,
                    0.20457212626934052,
                    0.02278885990381241,
                    -1.0865801572799683,
                    0.008381037041544914
                ],
                [
                    -0.10070564597845078,
                    -0.44447821378707886,
                    -0.03432733938097954,
                    -0.4069803059101105,
                    0.24963925778865814
                ]
            ],