{
    "experiment_config": {
        "mode": "simple",
        "num_categories": 5,
        "p": 0.6,
        "num_nodes": 20,
        "motif_dim": 0,
        "num_train_samples": 5000,
        "num_test_samples": 1500,
        "batch_size": 16,
        "in_dim": 5,
        "hidden_dims": [
            5,
            5
        ],
        "lr": 0.01,
        "use_weighting": true,
        "importance": [
            15.0,
            10.0
        ],
        "phase1_epochs": 0,
        "phase2_epochs": 50,
        "device": "cpu",
        "model_type": "GCN",
        "loss": "BCE",
        "pooling": "gm",
        "gm_p": 1.0,
        "log_dir": "runs/T/BCE/2/GCN/same/p_gm=1.0/5/medium",
        "file_path": "T/BCE/2/GCN/same/p_gm=1.0/5.0/medium",
        "add_graph": false,
        "track_embeddings": false,
        "track_singular_values": true,
        "save": true
    },
    "sparcity": 0.778761115202586,
    "empty_graph_stats": [
        {
            "mean": [
                0.35181698203086853,
                -0.14960768818855286,
                0.5212796926498413,
                -0.8957387208938599,
                -0.008552155457437038
            ],
            "std": [
                0.22239841520786285,
                0.21305648982524872,
                0.2075745165348053,
                0.20596669614315033,
                0.26724085211753845
            ]
        },
        {
            "mean": [
                -0.1663161963224411,
                -0.30501165986061096,
                0.7436906099319458,
                -0.6718520522117615,
                0.03037845343351364
            ],
            "std": [
                0.202265202999115,
                0.2127259522676468,
                0.1883242428302765,
                0.1718827337026596,
                0.1993127018213272
            ]
        },
        {
            "mean": [
                0.41165655851364136,
                0.08752887696027756,
                -0.17122882604599,
                1.126036286354065,
                0.05141732841730118
            ],
            "std": [
                0.14768235385417938,
                0.2603025734424591,
                0.23482060432434082,
                0.2551213502883911,
                0.2912420928478241
            ]
        }
    ],
    "summary format:": "Key: (Num of active features, Num of accurate feature, Geometry, Collapsed). Loss, s.d. Loss, Count",
    "summary": {
        "(5, 5, 5, 0)": [
            0.14470273109028736,
            0.0458934190099438,
            2
        ],
        "(5, 4, 5, 0)": [
            0.18993667223056157,
            0.0,
            1
        ]
    },
    "results": [
        {
            "Num of features": 5,
            "Num of active features": 5,
            "Num of accurate feature": 5,
            "Geometry": 5,
            "Collapsed": 0,
            "Loss": 0.19059615010023118,
            "Rank": 5,
            "Singular values": [
                1.7423906326293945,
                1.5969605445861816,
                1.3836545944213867,
                1.2976570129394531,
                0.4061472713947296
            ]
        },
        {
            "Num of features": 5,
            "Num of active features": 5,
            "Num of accurate feature": 4,
            "Geometry": 5,
            "Collapsed": 0,
            "Loss": 0.18993667223056157,
            "Rank": 5,
            "Singular values": [
                1.616013526916504,
                1.3659971952438354,
                1.240696907043457,
                1.1533626317977905,
                0.28940704464912415
            ]
        },
        {
            "Num of features": 5,
            "Num of active features": 5,
            "Num of accurate feature": 5,
            "Geometry": 5,
            "Collapsed": 0,
            "Loss": 0.09880931208034356,
            "Rank": 5,
            "Singular values": [
                1.6638107299804688,
                1.4410120248794556,
                1.3368539810180664,
                1.3031105995178223,
                0.9072788953781128
            ]
        }
    ],
    "average embeddings summary": {
        "(5, 5, 5, 0)": {
            "(0, 1, 0, 0, 0)": [
                0.9516862034797668,
                0.0056940787471830845,
                0.3329610526561737,
                -0.1835344284772873,
                -0.9612167477607727
            ],
            "(0, 0, 1, 0, 0)": [
                -0.14603136479854584,
                -0.5512012839317322,
                1.4065839052200317,
                -0.03273323178291321,
                0.2962036728858948
            ],
            "(0, 0, 0, 0, 1)": [
                -0.6993955373764038,
                -0.12777581810951233,
                -0.152043879032135,
                -0.9134215116500854,
                -0.7288596630096436
            ],
            "(0, 0, 0, 1, 0)": [
                0.29502514004707336,
                0.9422650337219238,
                0.15923434495925903,
                -0.4478517472743988,
                0.7589359879493713
            ],
            "(1, 0, 0, 0, 0)": [
                0.38523757457733154,
                -0.16170954704284668,
                0.5514389276504517,
                -0.9124566316604614,
                0.026667147874832153
            ]
        },
        "(5, 4, 5, 0)": {
            "(0, 0, 0, 0, 1)": [
                -0.25638067722320557,
                -0.950404703617096,
                -0.16223880648612976,
                -0.6255553364753723,
                -0.08254243433475494
            ],
            "(1, 0, 0, 0, 0)": [
                -0.14624060690402985,
                -0.31644803285598755,
                0.7721618413925171,
                -0.6969571709632874,
                0.030141018331050873
            ],
            "(0, 0, 1, 0, 0)": [
                -0.2271716147661209,
                0.46592989563941956,
                0.3319116234779358,
                -0.8375539779663086,
                -0.7218298316001892
            ],
            "(0, 1, 0, 0, 0)": [
                -0.8929334282875061,
                0.0466478131711483,
                0.6099126935005188,
                0.3561117947101593,
                0.5687509179115295
            ],
            "(0, 0, 0, 1, 0)": [
                0.7754903435707092,
                0.13456971943378448,
                0.3244803845882416,
                -0.665360152721405,
                0.6650039553642273
            ]
        }
    },
    "model summary": {
        "(5, 5, 5, 0)": {
            "convs.0.bias": [
                -2.57000994682312,
                0.0,
                -2.1997578144073486,
                -2.3166441917419434,
                -2.343827724456787
            ],