{
    "experiment_config": {
        "mode": "simple",
        "num_categories": 5,
        "p": 0.6,
        "num_nodes": 20,
        "motif_dim": 0,
        "num_train_samples": 5000,
        "num_test_samples": 1500,
        "batch_size": 16,
        "in_dim": 5,
        "hidden_dims": [
            5,
            5
        ],
        "lr": 0.01,
        "use_weighting": true,
        "importance": [
            15.0,
            10.0
        ],
        "phase1_epochs": 0,
        "phase2_epochs": 50,
        "device": "cpu",
        "model_type": "GCN",
        "loss": "BCE",
        "pooling": "gm",
        "gm_p": 1.0,
        "log_dir": "runs/T/BCE/2/GCN/same/p_gm=1.0/5/medium",
        "file_path": "T/BCE/2/GCN/same/p_gm=1.0/5.0/medium",
        "add_graph": false,
        "track_embeddings": false,
        "track_singular_values": true,
        "get_elements": true,
        "save": true
    },
    "sparcity": 0.778761115202586,
    "empty_graph_stats": [
        {
            "mean": [
                -0.34918463230133057,
                0.2863607108592987,
                1.0128899812698364,
                -0.4490368962287903,
                -0.06602339446544647
            ],
            "std": [
                0.22093814611434937,
                0.1999557763338089,
                0.24429358541965485,
                0.2026267796754837,
                0.26386651396751404
            ]
        },
        {
            "mean": [
                -0.09954448789358139,
                -0.2733882665634155,
                -0.6137204766273499,
                -0.5858010649681091,
                -0.6650270223617554
            ],
            "std": [
                0.25268909335136414,
                0.2676621973514557,
                0.23459458351135254,
                0.23086030781269073,
                0.23571841418743134
            ]
        },
        {
            "mean": [
                0.4458580017089844,
                0.13130304217338562,
                0.7302787899971008,
                0.6079866886138916,
                0.2648073732852936
            ],
            "std": [
                0.3418406546115875,
                0.15066567063331604,
                0.24231119453907013,
                0.21804466843605042,
                0.2606205940246582
            ]
        }
    ],
    "summary format:": "Key: (Num of active features, Num of accurate feature, Geometry, Collapsed). Loss, s.d. Loss, Count",
    "summary": {
        "(5, 5, 5, 0)": [
            0.09756432911256949,
            0.004221480603019398,
            2
        ],
        "(5, 4, 'Failed', 0)": [
            0.24965157262484233,
            0.0,
            1
        ]
    },
    "results": [
        {
            "Num of features": 5,
            "Num of active features": 5,
            "Num of accurate feature": 5,
            "Geometry": 5,
            "Collapsed": 0,
            "Loss": 0.09334284850955009,
            "Rank": 5,
            "Singular values": [
                1.5931154489517212,
                1.3502634763717651,
                1.2957993745803833,
                1.2239551544189453,
                1.1425621509552002
            ]
        },
        {
            "Num of features": 5,
            "Num of active features": 5,
            "Num of accurate feature": 5,
            "Geometry": 5,
            "Collapsed": 0,
            "Loss": 0.10178580971558888,
            "Rank": 5,
            "Singular values": [
                1.5812885761260986,
                1.4941961765289307,
                1.3391894102096558,
                1.2124155759811401,
                1.1553897857666016
            ]
        },
        {
            "Num of features": 5,
            "Num of active features": 5,
            "Num of accurate feature": 4,
            "Geometry": "Failed",
            "Collapsed": 0,
            "Loss": 0.24965157262484233,
            "Rank": 5,
            "Singular values": [
                1.8536105155944824,
                1.4831433296203613,
                1.4394195079803467,
                0.6306102275848389,
                0.3724283277988434
            ]
        }
    ],
    "average embeddings summary": {
        "(5, 5, 5, 0)": {
            "(0, 1, 0, 0, 0)": [
                0.3277716338634491,
                -0.3003527820110321,
                1.024391770362854,
                -0.3147292733192444,
                -0.5779363512992859
            ],
            "(1, 0, 0, 0, 0)": [
                -0.6978973150253296,
                0.0605902336537838,
                0.963855504989624,
                0.5810761451721191,
                0.32680436968803406
            ],
            "(0, 0, 0, 1, 0)": [
                -0.9841146469116211,
                0.14388959109783173,
                0.08013711869716644,
                -0.5527989864349365,
                -0.7182455062866211
            ],
            "(0, 0, 1, 0, 0)": [
                0.2807178497314453,
                1.213559865951538,
                0.4078581631183624,
                -0.16151444613933563,
                -0.1541178673505783
            ],
            "(0, 0, 0, 0, 1)": [
                -0.04567234218120575,
                -0.11485440284013748,
                0.19979242980480194,
                -0.8534483909606934,
                0.9649828672409058
            ]
        },
        "(5, 4, 'Failed', 0)": {
            "(0, 0, 0, 1, 0)": [
                0.1103816106915474,
                -0.5228332877159119,
                1.0094865560531616,
                -0.5403807759284973,
                -0.037684354931116104
            ],
            "(1, 0, 0, 0, 0)": [
                -0.16722381114959717,
                0.2789651155471802,
                0.24819226562976837,
                1.0920671224594116,
                -0.7841421365737915
            ],
            "(0, 1, 0, 0, 0)": [
                0.9592995047569275,
                -0.4568089544773102,
                -0.4711802899837494,
                0.4507140517234802,
                0.49800464510917664
            ],
            "(0, 0, 1, 0, 0)": [
                0.8073846697807312,
                0.18782126903533936,
                0.8415287733078003,
                0.6526660919189453,
                0.10388467460870743
            ],
            "(0, 0, 0, 0, 1)": [
                0.17528603971004486,
                0.13275964558124542,
                0.635963499546051,
                0.645570695400238,
                0.408953458070755
            ]
        }
    },
    "model summary": {
        "(5, 5, 5, 0)": {
            "convs.0.bias": [
                -2.4658734798431396,
                -2.5073587894439697,
                -2.5479061603546143,
                -2.475022315979004,
                -2.5975258350372314
            ],