{
    "experiment_config": {
        "mode": "tox21",
        "root": "data/Tox21",
        "batch_size": 32,
        "train_split": 0.8,
        "mask_missing": true,
        "use_weighting": false,
        "importance": [
            100.0,
            100.0
        ],
        "hidden_dims": [
            12,
            5
        ],
        "num_categories": 12,
        "in_dim": 9,
        "lr": 0.001,
        "model_type": "GCN",
        "loss": "BCE",
        "pooling": "mean",
        "gm_p": 1.0,
        "device": "cpu",
        "phase1_epochs": 0,
        "phase2_epochs": 50,
        "log_dir": "runs/tox21/GCN/mean/[12, 5]",
        "file_path": "tox21/GCN/mean/[12, 5]",
        "save": true,
        "track_singular_values": true,
        "num_nodes": 20,
        "p": 0.8
    },
    "sparcity": 0.8694764120978721,
    "empty graph stats": 0.6506001353263855,
    "singular value ratio": [
        0.0,
        0.0
    ],
    "summary format:": "Key: (Num of active features, Num of accurate feature, Geometry, Collapsed). Loss, s.d. Loss, Count",
    "collapsed percentage": 0.0,
    "summary": {
        "(2, 0, 'Failed', 2)": [
            0.6381491414912335,
            0.0,
            1
        ]
    },
    "results": [
        {
            "Num of features": 12,
            "Num of active features": 2,
            "Num of accurate feature": 0,
            "Geometry": "Failed",
            "Collapsed": 2,
            "Loss": 0.6381491414912335,
            "Rank": 5,
            "Singular values": [
                10.824883460998535,
                0.9680511355400085,
                0.7047218680381775,
                0.22817175090312958,
                0.046111810952425
            ]
        }
    ],
    "average embeddings summary": {
        "(2, 0, 'Failed', 2)": {
            "(0, 0, 0, 1, 0, 0, 0, 0, 0, 0, 0, 0)": [
                1.191419005393982,
                0.926624596118927,
                0.46494707465171814,
                -1.6647225618362427,
                1.695286750793457
            ],
            "(0, 0, 0, 0, 0, 0, 0, 1, 0, 0, 0, 0)": [
                1.8585838079452515,
                1.8797578811645508,
                0.3370751142501831,
                -2.0116333961486816,
                2.2423782348632812
            ],
            "(1, 0, 0, 0, 0, 0, 0, 0, 0, 0, 0, 0)": [
                1.5537121295928955,
                1.5654683113098145,
                0.3215281367301941,
                -2.127225399017334,
                2.714648723602295
            ],
            "(0, 0, 1, 0, 0, 0, 0, 0, 0, 0, 0, 0)": [
                1.2330129146575928,
                1.0674008131027222,
                0.5090481638908386,
                -1.6997085809707642,
                1.611599087715149
            ],
            "(0, 0, 0, 0, 0, 0, 1, 0, 0, 0, 0, 0)": [
                1.0524265766143799,
                0.9571176767349243,
                0.650066077709198,
                -1.7162991762161255,
                1.6319557428359985
            ],
            "(0, 0, 0, 0, 1, 0, 0, 0, 0, 0, 0, 0)": [
                1.6925218105316162,
                1.6889954805374146,
                0.3279626965522766,
                -2.1754088401794434,
                2.6702888011932373
            ],
            "(0, 0, 0, 0, 0, 0, 0, 0, 0, 0, 1, 0)": [
                1.3214277029037476,
                1.134682297706604,
                0.19279800355434418,
                -1.8661446571350098,
                2.5157017707824707
            ],
            "(0, 1, 0, 0, 0, 0, 0, 0, 0, 0, 0, 0)": [
                0.8807510733604431,
                0.7801824808120728,
                0.7687246799468994,
                -1.712232232093811,
                1.613865613937378
            ],
            "(0, 0, 0, 0, 0, 0, 0, 0, 0, 1, 0, 0)": [
                2.0157930850982666,
                2.1731526851654053,
                0.4694557785987854,
                -2.383732557296753,
                2.8735415935516357
            ]
        }
    },
    "model summary": {
        "(2, 0, 'Failed', 2)": {
            "convs.0.bias": [
                0.0,
                -0.05605696886777878,
                -0.13304626941680908,
                0.08402523398399353,
                -0.026847539469599724,
                -0.0033467039465904236,
                -0.05001796409487724,
                -0.06434907764196396,
                -0.009804691188037395,
                -0.03643152117729187,
                0.0023534109350293875,
                0.11265362054109573
            ],