Wall time,Step,Value
1747941478.863934,1,9.3302001953125
1747941479.056113,2,11.103830337524414
1747941479.234012,3,11.558038711547852
1747941479.4176042,4,11.914117813110352
1747941479.614976,5,12.075333595275879
1747941479.797905,6,11.770983695983887
1747941479.97564,7,12.368224143981934
1747941480.1793122,8,12.232369422912598
1747941480.412504,9,12.21308708190918
1747941480.589657,10,12.63597583770752
1747941480.77602,11,12.696549415588379
1747941481.020287,12,13.227593421936035
1747941481.205683,13,12.451559066772461
1747941481.38239,14,12.435066223144531
1747941481.55917,15,12.899474143981934
1747941481.754967,16,12.401510238647461
1747941481.9344928,17,12.825060844421387
1747941482.111032,18,12.710644721984863
1747941482.28916,19,12.296418190002441
1747941482.47405,20,12.850170135498047
1747941482.6618218,21,12.50195598602295
1747941482.839756,22,12.667430877685547
1747941483.026596,23,12.44356918334961
1747941483.2118442,24,12.72840404510498
1747941483.389367,25,12.895408630371094
1747941483.565839,26,13.175537109375
1747941483.7426171,27,13.000981330871582
1747941483.9216928,28,12.885293960571289
1747941484.124119,29,12.19553279876709
1747941484.3746922,30,12.924005508422852
1747941484.555638,31,12.81106948852539
1747941484.870327,32,12.247039794921875
1747941485.091309,33,12.33053207397461
1747941485.349375,34,12.14165210723877
1747941485.558111,35,11.84829044342041
1747941485.74968,36,12.623513221740723
1747941485.9886851,37,12.253615379333496
1747941486.175628,38,12.28510856628418
1747941486.401792,39,12.15133285522461
1747941486.6044931,40,11.637602806091309
1747941486.846699,41,11.842597961425781
1747941487.045326,42,11.808817863464355
1747941487.224365,43,12.381204605102539
1747941487.401937,44,12.927289962768555
1747941487.586575,45,12.08438777923584
1747941487.767411,46,11.605330467224121
1747941487.94469,47,12.172478675842285
1747941488.119575,48,11.103901863098145
1747941488.293959,49,11.252307891845703
1747941488.472003,50,11.24098014831543
